slug	name	package_group	attack_category	packages	description	url
0trace	0trace	information-gathering	发现	0trace,0trace.sh,sendprobe,usleep	Traceroute tool that can run within an existing TCP connection The package is traceroute tool that can be run within an existing, open TCP connection, therefore bypassing some types of stateful packet filters with ease.	https://www.kali.org/tools/0trace/
7zip	7zip	forensics		7zip,7z,7za,7zr,p7zip,7zip-standalone,7zz	7-Zip file archiver with a high compression ratio 7-Zip is a file archiver with a high compression ratio. The main features of 7-Zip are: High compression ratio in 7z format with LZMA and LZMA2 compression Supported formats: Packing / unpacking: 7z, XZ, BZIP2, GZIP, TAR, ZIP and WIM	https://www.kali.org/tools/7zip/
above	above	sniffing-spoofing	发现	above,above	Network security sniffer for finding vulnerabilities in the network This package contains a network security sniffer for finding vulnerabilities in the network, designed for pentesters and security professionals. It is based entirely on network traffic analysis, so it does not make any noise on the air. Above allows pentesters to automate the process of finding vulnerabilities in network hardware. Discovery protocols, dynamic routing,	https://www.kali.org/tools/above/
adaptixc2	adaptixc2	utils	命令与控制	adaptixc2,adaptixclient,adaptixserver	Extensible post-exploitation and adversarial emulation framework Adaptix is an extensible post-exploitation and adversarial emulation framework made for authorized penetration testing. The Adaptix server is written in Golang and to allow operator flexibility.	https://www.kali.org/tools/adaptixc2/
aesfix	aesfix	crypto-stego		aesfix,aesfix	Tool for correcting bit errors in an AES key schedule This program illustrates a technique for correcting bit errors in an AES key schedule. It should be used with the output of the aeskeyfind program. It is limited to AES-128 key schedules, and it can only correct unidirectional 1->0 bit errors. For the most part it has been optimized for readability rather than performance.	https://www.kali.org/tools/aesfix/
aeskeyfind	aeskeyfind	crypto-stego		aeskeyfind,aeskeyfind	Tool for locating AES keys in a captured memory image This program illustrates automatic techniques for locating 128-bit and 256-bit AES keys in a captured memory image. The program uses various algorithms and also performs a simple entropy test to filter out blocks that are not keys. It counts the number of repeated bytes and skips blocks that have too many repeats.	https://www.kali.org/tools/aeskeyfind/
afflib	afflib	forensics	数字取证	afflib-tools,affcat,affcompare,affconvert,affcopy,affcrypto,affdiskprint,affinfo,affix,affrecover,affsegment,affsign,affstats,affuse,affverify,affxml,libafflib-dev,libafflib0t64	Advanced Forensics Format Library (utilities) The Advanced Forensic Format (AFF) is on-disk format for storing computer forensic information. Critical features of AFF include: AFF allows you to store both computer forensic data and associated metadata in one or more files. AFF allows files to be digital signed, to provide for	https://www.kali.org/tools/afflib/
aflplusplus	aflplusplus	vulnerability	资源开发	afl++,afl-addseeds,afl-analyze,afl-c++,afl-cc,afl-clang,afl-clang++,afl-clang-fast,afl-clang-fast++,afl-clang-lto,afl-clang-lto++,afl-cmin,afl-cmin.awk,afl-cmin.bash,afl-cmin.py,afl-fuzz,afl-g++,afl-g++-fast,afl-gcc,afl-gcc-fast,afl-gotcpu,afl-health,afl-ld-lto,afl-lto,afl-lto++,afl-network-client,afl-network-server,afl-persistent-config,afl-plot,afl-showmap,afl-system-config,afl-tmin,afl-whatsup,afl++-doc	Instrumentation-driven fuzzer for binary formats American fuzzy lop is a fuzzer that employs compile-time instrumentation and genetic algorithms to automatically discover clean, interesting test cases that trigger new internal states in the targeted binary. This substantially improves the functional coverage for the fuzzed code. The compact synthesized corpora produced by the tool are also useful for seeding other, more labor- or	https://www.kali.org/tools/aflplusplus/
aircrack-ng	aircrack-ng	wireless	凭据访问	aircrack-ng,airbase-ng,aircrack-ng,airdecap-ng,airdecloak-ng,aireplay-ng,airmon-ng,airodump-ng,airodump-ng-oui-update,airolib-ng,airserv-ng,airtun-ng,airventriloquist-ng,besside-ng,besside-ng-crawler,buddy-ng,dcrack,easside-ng,ivstools,kstats,makeivs-ng,packetforge-ng,tkiptun-ng,wesside-ng,wpaclean,airgraph-ng,airgraph-ng,airodump-join	Wireless WEP/WPA cracking utilities aircrack-ng is an 802.11a/b/g WEP/WPA cracking program that can recover a 40-bit, 104-bit, 256-bit or 512-bit WEP key once enough encrypted packets have been gathered. Also it can attack WPA1/2 networks with some advanced methods or simply by brute force. It implements the standard FMS attack along with some optimizations,	https://www.kali.org/tools/aircrack-ng/
airgeddon	airgeddon	wireless	凭据访问	airgeddon,airgeddon	Multi-use bash script for Linux systems to audit wireless networks airgeddon is a menu driven 3rd party tools wrapper to audit wireless networks with many features.	https://www.kali.org/tools/airgeddon/
altdns	altdns	utils		altdns,altdns	Subdomain discovery through alterations and permutations This package contains a DNS recon tool that allows for the discovery of subdomains that conform to patterns. Altdns takes in words that could be present in subdomains under a domain (such as test, dev, staging) as well as takes in a list of subdomains that you know of. From these two lists that are provided as input to altdns, the tool then	https://www.kali.org/tools/altdns/
amap	amap	utils		amap,amap,amap,amap6,amapcrap	Next-generation scanning tool for pentesters AMAP stands for Application MAPper. It is a next-generation scanning tool for pentesters. It attempts to identify applications even if they are running on a different port than normal. It also identifies non-ascii based applications. This is achieved by sending trigger packets, and looking up the responses in a list of	https://www.kali.org/tools/amap/
amass	amass	identify	侦察	amass,amass	In-depth DNS Enumeration and Network Mapping This package contains a tool to help information security professionals perform network mapping of attack surfaces and perform external asset discovery using open source information gathering and active reconnaissance techniques. Information Gathering Techniques Used:	https://www.kali.org/tools/amass/
android-sdk-meta	android-sdk-meta	utils		android-sdk,android-sdk-build-tools,android-sdk-build-tools-common,android-sdk-common,android-sdk-platform-tools,android-sdk-platform-tools-common	Software development kit for Android platform The Android SDK includes a variety of tools that help you develop mobile applications for the Android platform. The tools are classified into 3 groups: SDK Tools, Platform-tools and Build-tools. SDK Tools are platform independent and are required no matter which Android platform you are developing on. It is the base toolset of Android SDK.	https://www.kali.org/tools/android-sdk-meta/
apache-users	apache-users	web	发现	apache-users,apache-users	Enumerate usernames on systems with Apache UserDir module This Perl script will enumerate the usernames on any system that uses Apache with the UserDir module.	https://www.kali.org/tools/apache-users/
apache2	apache2	web		apache2,a2disconf,a2dismod,a2dissite,a2enconf,a2enmod,a2ensite,a2query,apache2ctl,apachectl,apache2-bin,apache2,apache2-data,apache2-dev,apxs,apxs2,dh_apache2,apache2-doc,apache2-ssl-dev,apache2-suexec-custom,apache2-suexec-pristine,apache2-utils,ab,check_forensic,checkgid,fcgistarter,htcacheclean,htdbm,htdigest,htpasswd,httxt2dbm,logresolve,rotatelogs,split-logfile	Apache HTTP Server The Apache HTTP Server Project’s goal is to build a secure, efficient and extensible HTTP server as standards-compliant open source software. The result has long been the number one web server on the Internet. Installing this package results in a full installation, including the configuration files, init scripts and support scripts.	https://www.kali.org/tools/apache2/
apktool	apktool	forensics	资源开发	apktool,apktool	Tool for reverse engineering Android apk files A tool for reverse engineering 3rd party, closed, binary Android apps. It can decode resources to nearly original form and rebuild them after making some modifications; it makes possible to debug smali code step by step. Also it makes working with an app easier because of project-like file structure and automation of some repetitive tasks like building apk.	https://www.kali.org/tools/apktool/
apple-bleee	apple-bleee	utils		apple-bleee,apple-bleee	Scripts to show what an attacker get from Apple devices This package contains experimental scripts. They are PoCs that show what an attacker get from Apple devices if they sniff Bluetooth traffic. To use these scripts you will need a Bluetooth adapter for sending BLE messages and Wi-Fi card supporting active monitor mode with frame injection for communication using AWDL (AirDrop).	https://www.kali.org/tools/apple-bleee/
arjun	arjun	utils	侦察	arjun,arjun	HTTP parameter discovery suite This package can find query parameters for URL endpoints. Web applications use parameters (or queries) to accept user input, take the following example into consideration. http://api.example.com/v1/userinfo?id=751634589 This URL seems to load user information for a specific user id, but what if	https://www.kali.org/tools/arjun/
armitage	armitage	exploitation	执行	armitage,armitage,teamserver	Cyber attack management for Metasploit Armitage is a scriptable red team collaboration tool for Metasploit that visualizes targets, recommends exploits, and exposes the advanced post- exploitation features in the framework.	https://www.kali.org/tools/armitage/
arp-scan	arp-scan	utils		arp-scan,arp-fingerprint,arp-scan,get-iab,get-oui	Arp scanning and fingerprinting tool arp-scan is a command-line tool that uses the ARP protocol to discover and fingerprint IP hosts on the local network. It is available for Linux and BSD under the GPL licence	https://www.kali.org/tools/arp-scan/
arping	arping	information-gathering	发现	arping,arping	Sends IP and/or ARP pings (to the MAC address) The arping utility sends ARP and/or ICMP requests to the specified host and displays the replies. The host may be specified by its hostname, its IP address, or its MAC address.	https://www.kali.org/tools/arping/
arpwatch	arpwatch	utils	发现	arpwatch,arp2ethers,arpfetch,arpsnmp,arpwatch,bihourly,massagevendor	Ethernet/FDDI station activity monitor Arpwatch maintains a database of Ethernet MAC addresses seen on the network, with their associated IP pairs. Alerts the system administrator via e-mail if any change happens, such as new station/activity, flip-flops, changed and re-used old addresses. If you want to maintain a list authorized MAC addresses manually, take a look	https://www.kali.org/tools/arpwatch/
arsenal-ng	arsenal-ng	utils	服务与其它工具	arsenal-ng,arsenal-ng	Go-based command library equipped with 200+ cybersecurity cheat-sheets Inspired by arsenal, rewritten from scratch with a focus on simplicity, speed and developer experience. The classic launcher, evolved. Fast, Go-based command library equipped with 200+ cybersecurity cheat-sheets. Just install and start hacking.	https://www.kali.org/tools/arsenal-ng/
asleap	asleap	wireless	侦察	asleap,asleap,genkeys	A tool for exploiting Cisco LEAP networks Demonstrates a serious deficiency in proprietary Cisco LEAP networks.	https://www.kali.org/tools/asleap/
assetfinder	assetfinder	identify	侦察	assetfinder,assetfinder	Find domains and subdomains related to a given domain assetfinder is a command-line tool designed to find domains and subdomains associated with a specific domain. The main objective of the tool is to help security researchers and IT professionals discover and understand how the domains and sub-domains of a given organization are distributed, trying to find possible	https://www.kali.org/tools/assetfinder/
atftp	atftp	utils		atftp,atftp,atftpd,atftpd,in.tftpd	Advanced TFTP client Interactive client for the Trivial File Transfer Protocol (TFTP). Its usage is mainly for testing and debugging the atftp server. A TFTP client is usually implemented in UEFI/BIOS and bootstrap programs like pxelinux when booting from LAN. The atftp client also supports non-interactive invocation for easy use in scripts.	https://www.kali.org/tools/atftp/
atomic-operator	atomic-operator	utils		python3-atomic-operator,atomic-operator	root@kali:~# atomic-operator -h INFO: Showing help with the command 'atomic-operator -- --help'. NAME	https://www.kali.org/tools/atomic-operator/
autopsy	autopsy	forensics	数字取证	autopsy,autopsy	Graphical interface to SleuthKit The Autopsy Forensic Browser is a graphical interface to the command line digital forensic analysis tools in The Sleuth Kit. Together, The Sleuth Kit and Autopsy provide many of the same features as commercial digital forensics tools for the analysis of Windows and UNIX file systems (NTFS, FAT, FFS, EXT2FS, and EXT3FS).	https://www.kali.org/tools/autopsy/
autorecon	autorecon	utils	侦察	autorecon,autorecon	Multi-threaded network reconnaissance tool AutoRecon is a multi-threaded network reconnaissance tool which performs automated enumeration of services. It is intended as a time-saving tool for use in CTFs and other penetration testing environments (e.g. OSCP). It may also be useful in real-world engagements.	https://www.kali.org/tools/autorecon/
axel	axel	utils		axel,axel	Light command line download accelerator Axel tries to accelerate the downloading process by using multiple connections for one file, similar to DownThemAll and other famous programs. It can also use multiple mirrors for one download. Using Axel, you will get files faster from Internet. So, Axel can speed up a download up to 60% (approximately, according to some tests).	https://www.kali.org/tools/axel/
azurehound	azurehound	utils	发现	azurehound,azurehound	BloodHound data collector for Microsoft Azure (program) This package contains the BloodHound data collector for Microsoft Azure.	https://www.kali.org/tools/azurehound/
b374k	b374k	utils		b374k,b374k	Remote management tool This package contains PHP Shell is a useful tool for system or web administrator to do remote management without using cpanel, connecting using ssh, ftp etc. All actions take place within a web browser Features: File manager (view, edit, rename, delete, upload, download, archiver, etc)	https://www.kali.org/tools/b374k/
bed	bed	vulnerability	资源开发	bed,bed	A network protocol fuzzer BED is a program which is designed to check daemons for potential buffer overflows, format strings et. al.	https://www.kali.org/tools/bed/
beef-xss	beef-xss	web	执行	beef-xss,beef-xss,beef-xss-start,beef-xss-stop	Browser Exploitation Framework (BeEF) BeEF is short for The Browser Exploitation Framework. It is a penetration testing tool that focuses on the web browser. Amid growing concerns about web-born attacks against clients, including mobile clients, BeEF allows the professional penetration tester to assess the actual security posture of a target environment by using client-side attack	https://www.kali.org/tools/beef-xss/
berate-ap	berate-ap	utils		berate-ap,berate_ap	Script for orchestrating mana rogue Wi-Fi Access Points This package contains a script for orchestrating mana rogue Wi-Fi Access Points. It can also handle regular hostapd AP and create AP easily.	https://www.kali.org/tools/berate-ap/
bettercap	bettercap	sniffing-spoofing	侦察	bettercap,bettercap	Complete, modular, portable and easily extensible MITM framework The Swiss Army knife for 802.11, BLE, IPv4 and IPv6 networks reconnaissance and MITM attacks. bettercap is a powerful, easily extensible and portable framework written in Go which aims to offer to security researchers, red teamers and reverse engineers an easy to use, all-in-one solution with all the features they	https://www.kali.org/tools/bettercap/
bettercap-ui	bettercap-ui	utils		bettercap-ui	Bettercap’s web UI This package contains the bettercap’s web UI.	https://www.kali.org/tools/bettercap-ui/
bind9	bind9	utils		bind9,arpaname,ddns-confgen,dnssec-importkey,named,named-journalprint,named-nzd2nzf,named-rrchecker,nsec3hash,tsig-keygen,bind9-dev,bind9-dnsutils,delv,dig,dnstap-read,mdig,nslookup,nsupdate,bind9-doc,bind9-host,host,bind9-libs,bind9-utils,dnssec-cds,dnssec-dsfromkey,dnssec-keyfromlabel,dnssec-keygen,dnssec-ksr,dnssec-revoke,dnssec-settime,dnssec-signzone,dnssec-verify,named-checkconf,named-checkzone,named-compilezone,rndc,rndc-confgen	Internet Domain Name Server The Berkeley Internet Name Domain (BIND 9) implements an Internet domain name server. BIND 9 is the most widely-used name server software on the Internet, and is supported by the Internet Software Consortium, www.isc.org .	https://www.kali.org/tools/bind9/
bing-ip2hosts	bing-ip2hosts	utils		bing-ip2hosts,bing-ip2hosts	Enumerate hostnames for an IP using bing.com This package contains a Bing.com web scraper that discovers hostnames by IP address. Bing is the flagship Microsoft search engine formerly known as MSN Search and Live Search. It provides a feature unique to search engines - it allows searching by IP address. Bing-ip2hosts uses this feature.	https://www.kali.org/tools/bing-ip2hosts/
binwalk	binwalk	forensics	数字取证	binwalk,binwalk,python3-binwalk	Tool library for analyzing binary blobs and executable code Binwalk is a tool for searching a given binary image for embedded files and executable code. Specifically, it is designed for identifying files and code embedded inside of firmware images. Binwalk uses the libmagic library, so it is compatible with magic signatures created for the Unix file utility.	https://www.kali.org/tools/binwalk/
binwalk3	binwalk3	forensics	数字取证	binwalk3,binwalk3,librust-binwalk-dev	Tool library for analyzing binary blobs and executable code Binwalk is a tool for identifying, and optionally extracting, files and data that have been embedded inside of other files. While its primary focus is firmware analysis, it supports a wide variety of file and data types. Through entropy analysis, it can even help to identify unknown compression or	https://www.kali.org/tools/binwalk3/
bloodhound	bloodhound	utils	发现	bloodhound,bloodhound,bloodhound-setup,bloodhound-start,bloodhound-stop	Six Degrees of Domain Admin, BloodHound CE This package contains BloodHound Community Edition, a single page Javascript web application. BloodHound uses graph theory to reveal the hidden and often unintended relationships within an Active Directory environment. Attackers can use BloodHound to easily identify highly complex attack paths that would otherwise	https://www.kali.org/tools/bloodhound/
bloodhound-ce-python	bloodhound-ce-python	utils	发现	bloodhound-ce-python,bloodhound-ce-python	Python based ingestor for BloodHound CE This package contains a Python based ingestor for BloodHound CE, based on Impacket. This tool is only compatible with BloodHound CE. For legacy Bloodhound (<= 4.3.1) use bloodhound-python package.	https://www.kali.org/tools/bloodhound-ce-python/
bloodhound.py	bloodhound.py	top10	发现	bloodhound.py,bloodhound-python	Ingestor for BloodHound, based on Impacket (Python 3) This package contains a Python based ingestor for BloodHound, based on Impacket. BloodHound.py currently has the following limitations: * Supports most, but not all BloodHound (SharpHound) features. Primary missing features are GPO local groups and some differences in session	https://www.kali.org/tools/bloodhound.py/
bloodyad	bloodyad	utils	权限提升	bloodyad,bloodyad	Active Directory privilege escalation framework bloodyAD can perform specific LDAP calls to a domain controller in order to perform AD privesc. It supports authentication using cleartext passwords, pass-the-hash, pass-the-ticket or certificates and binds to LDAP services of a domain controller to perform AD privesc. Exchange of sensitive information without LDAPS is supported. It is also	https://www.kali.org/tools/bloodyad/
blue-hydra	blue-hydra	wireless		blue-hydra,blue_hydra,rfkill-reset,test-discovery	Bluetooth device discovery service BlueHydra is a Bluetooth device discovery service built on top of the bluez library. BlueHydra makes use of ubertooth where available and attempts to track both classic and low energy (LE) bluetooth devices over time.	https://www.kali.org/tools/blue-hydra/
bluelog	bluelog	wireless	侦察	bluelog,bluelog	Bluetooth scanner and logger Bluelog is a Bluetooth scanner designed to tell you how many discoverable devices there are in an area as quickly as possible. It is intended to be used as a site survey tool, identifying the number of possible Bluetooth targets there are in the surrounding environment.	https://www.kali.org/tools/bluelog/
blueranger	blueranger	wireless	侦察	blueranger,blueranger	Simple Bash script to locate Bluetooth devices BlueRanger is a simple Bash script which uses Link Quality to locate Bluetooth device radios. It sends l2cap (Bluetooth) pings to create a connection between Bluetooth interfaces, since most devices allow pings without any authentication or	https://www.kali.org/tools/blueranger/
bluesnarfer	bluesnarfer	wireless	侦察	bluesnarfer,bluesnarfer	Bluesnarfing utility A bluetooth bluesnarfing utility	https://www.kali.org/tools/bluesnarfer/
bluez	bluez	wireless		bluetooth,bluez,bluemoon,bluetoothctl,bluetoothd,btattach,btmgmt,btmon,ciptool,gatttool,hciattach,hciconfig,hcitool,hex2hcd,l2ping,l2test,mpris-proxy,obexctl,rctest,rfcomm,sdptool,bluez-cups,bluez-meshd,mesh-cfgclient,mesh-cfgtest,meshctl,bluez-obexd,bluez-source,bluez-test-scripts,bluez-test-tools,6lowpan-tester,b1ee,bnep-tester,btvirt,gap-tester,hci-tester,hfp,ioctl-tester,iso-tester,isotest,l2cap-tester,mesh-tester,mgmt-tester,rfcomm-tester,sco-tester,smp-tester,userchan-tester,libbluetooth-dev,libbluetooth3	bluez Bluetooth tools and daemons This package contains tools and system daemons for using Bluetooth devices. BlueZ is the official Linux Bluetooth protocol stack. It is an Open Source project distributed under GNU General Public License (GPL).	https://www.kali.org/tools/bluez/
bopscrk	bopscrk	utils	凭据访问	bopscrk,bopscrk	Generate smart and powerful wordlists Targeted-attack wordlist creator: introduce personal info related to target, combines every word and transforms results into possible passwords. The lyricpass module allows one to search lyrics related to artists and include them to the wordlists.	https://www.kali.org/tools/bopscrk/
bpf-linker	bpf-linker	utils		bpf-linker,bpf-linker	Simplify building modern BPF programs This package contains bpd-linker which can be used to statically link multiple BPF object files together and optionally perform optimizations needed to target older kernels. It operates on LLVM bitcode, so the inputs must be bitcode files (.bc) or object files with embedded bitcode (.o), optionally stored inside ar archives (.a).	https://www.kali.org/tools/bpf-linker/
braa	braa	information-gathering	发现	braa,braa	Mass SNMP scanner Braa is a mass snmp scanner. The intended usage of such a tool is of course making SNMP queries - but unlike snmpget or snmpwalk from net-snmp, it is able to query dozens or hundreds of hosts simultaneously, and in a single process. Thus, it consumes very few system resources and does the scanning VERY fast. Braa implements its OWN snmp stack, so it does NOT need any SNMP libraries	https://www.kali.org/tools/braa/
bruteforce-luks	bruteforce-luks	utils		bruteforce-luks,bruteforce-luks	Try to find a password of a LUKS encrypted volume The program is used to try discovery a password for encrypted LUKS volume used to security reasons. It works trying decrypt at least one of the key slots by trying all the possible passwords. It is used in forensics and is especially useful if you know something about the password (i.e. you forgot a part of your password but still remember most of it).	https://www.kali.org/tools/bruteforce-luks/
bruteforce-salted-openssl	bruteforce-salted-openssl	utils		bruteforce-salted-openssl,bruteforce-salted-openssl	Try to find the passphrase for files encrypted with OpenSSL bruteforce-salted-openssl try to find the passphrase or password of a file that was encrypted with the openssl command. It can be used in two ways: - Try all possible passwords given a charset. - Try all passwords in a file (dictionary). bruteforce-salted-openssl have the following features:	https://www.kali.org/tools/bruteforce-salted-openssl/
bruteforce-wallet	bruteforce-wallet	utils		bruteforce-wallet,bruteforce-wallet	Try to find the password of an encrypted wallet file bruteforce-wallet try to find the password of an encrypted Peercoin (or Bitcoin, Litecoin, etc…) wallet file. It can be used in two ways: - Try all possible passwords given a charset. - Try all passwords in a file (dictionary).	https://www.kali.org/tools/bruteforce-wallet/
bruteshark	bruteshark	utils		bruteshark,brutesharkcli	Network Forensic Analysis Tool (NFAT) This package contains a Network Forensic Analysis Tool (NFAT) that performs deep processing and inspection of network traffic (mainly PCAP files, but it also capable of directly live capturing from a network interface). It includes: password extracting, building a network map, reconstruct TCP sessions, extract hashes of encrypted passwords and even convert them to a	https://www.kali.org/tools/bruteshark/
brutespray	brutespray	utils		brutespray,brutespray	Bruteforcing from various scanner output Brutespray has been re-written in Golang, eliminating the requirement for additional tools. This enhanced version is more extensive and operates at a significantly faster pace than its Python counterpart. As of now, Brutespray accepts input from Nmap’s GNMAP/XML output, newline-separated JSON files, Nexpose’s XML Export feature, Nessus exports in .nessus format, and various	https://www.kali.org/tools/brutespray/
btscanner	btscanner	wireless	侦察	btscanner,btscanner	Ncurses-based scanner for Bluetooth devices btscanner is a tool designed specifically to extract as much information as possible from a Bluetooth device without the requirement to pair. A detailed information screen extracts HCI and SDP information, and maintains an open connection to monitor the RSSI and link quality. btscanner is based on the BlueZ Bluetooth stack, which is included with	https://www.kali.org/tools/btscanner/
bulk-extractor	bulk-extractor	forensics	数字取证	bulk-extractor,bulk_extractor	Extracts information without parsing filesystem bulk_extractor is a C++ program that scans a disk image, a file, or a directory of files and extracts useful information without parsing the file system or file system structures. The results are stored in feature files that can be easily inspected, parsed, or processed with automated tools. bulk_extractor also creates	https://www.kali.org/tools/bulk-extractor/
bully	bully	wireless	凭据访问	bully,bully	Implementation of the WPS brute force attack, written in C Bully is a new implementation of the WPS brute force attack, written in C. It is conceptually identical to other programs, in that it exploits the (now well known) design flaw in the WPS specification. It has several advantages over the original reaver code. These include fewer dependencies, improved memory and cpu performance, correct handling of endianness, and a more robust set of	https://www.kali.org/tools/bully/
burpsuite	burpsuite	web	侦察	burpsuite,burpsuite	Platform for security testing of web applications Burp Suite is an integrated platform for performing security testing of web applications. Its various tools work seamlessly together to support the entire testing process, from initial mapping and analysis of an application’s attack surface, through to finding and exploiting security vulnerabilities.	https://www.kali.org/tools/burpsuite/
bytecode-viewer	bytecode-viewer	forensics	资源开发	bytecode-viewer,bytecode-viewer	Java 8+ Jar & Android APK Reverse Engineering Suite This package contains Bytecode Viewer (BCV). It is an Advanced Lightweight Java Bytecode Viewer, GUI Java Decompiler, GUI Bytecode Editor, GUI Smali, GUI Baksmali, GUI APK Editor, GUI Dex Editor, GUI APK Decompiler, GUI DEX Decompiler, GUI Procyon Java Decompiler, GUI Krakatau, GUI CFR Java Decompiler, GUI FernFlower Java Decompiler, GUI DEX2Jar, GUI Jar2DEX, GUI	https://www.kali.org/tools/bytecode-viewer/
cabextract	cabextract	forensics		cabextract,cabextract	Microsoft Cabinet file unpacker Cabextract is a program which unpacks cabinet (.cab) files, which are a form of archive Microsoft uses to distribute their software and things like Windows Font Packs.	https://www.kali.org/tools/cabextract/
cadaver	cadaver	web	命令与控制	cadaver,cadaver	Command-line WebDAV client cadaver supports file upload, download, on-screen display, in-place editing, namespace operations (move/copy), collection creation and deletion, property manipulation, and resource locking. Its operation is similar to the standard BSD ftp(1) client and the Samba Project’s smbclient(1).	https://www.kali.org/tools/cadaver/
caido	caido	utils	侦察	caido,caido	Security auditing toolkit (desktop) This package contains caido desktop, a security auditing toolkit.	https://www.kali.org/tools/caido/
caido-cli	caido-cli	utils	侦察	caido-cli,caido-cli	Security auditing toolkit (CLI) This package contains caido CLI, a security auditing toolkit.	https://www.kali.org/tools/caido-cli/
caldera	caldera	utils		caldera,caldera	Scalable Automated Adversary Emulation Platform This package contains a cyber security framework designed to easily automate adversary emulation, assist manual red-teams, and automate incident response.	https://www.kali.org/tools/caldera/
calico	calico	utils		calicoctl,calicoctl	Networking and network security solution for Kubernetes This package contains the command line tool for calico. Calico is a widely adopted, battle-tested open source networking and network security solution for Kubernetes, virtual machines, and bare-metal workloads.	https://www.kali.org/tools/calico/
capstone	capstone	forensics	资源开发	capstone-tool,cstool,libcapstone-dev,libcapstone5,python3-capstone	Lightweight multi-architecture disassembly framework - command line tool Capstone is a lightweight multi-platform, multi-architecture disassembly framework. This package contains cstool, a command-line tool to disassemble hexadecimal strings.	https://www.kali.org/tools/capstone/
ccrypt	ccrypt	crypto-stego	防御规避	ccrypt,ccat,ccdecrypt,ccencrypt,ccguess,ccrypt,elpa-ps-ccrypt	Secure encryption and decryption of files and streams ccrypt is a utility for encrypting and decrypting files and streams. It was designed as a replacement for the standard unix crypt utility, which is notorious for using a very weak encryption algorithm. ccrypt is based on the Rijndael cipher, which is the U.S. government’s chosen candidate for the Advanced Encryption Standard (AES, see	https://www.kali.org/tools/ccrypt/
certgraph	certgraph	utils		certgraph,certgraph	Tool to crawl the graph of certificate Alternate Names This package contains a tool to crawl the graph of certificate Alternate Names. CertGraph crawls SSL certificates creating a directed graph where each domain is a node and the certificate alternative names for that domain’s certificate are the edges to other domain nodes. New domains are printed as they are found. In Detailed mode upon completion the Graph’s adjacency list is	https://www.kali.org/tools/certgraph/
certi	certi	utils		certi,certi	Tool to ask certificates to ADCS and discover templates Certi is an utility to play with ADCS, allows one to request tickets and collect information about related objects. Basically, it’s the impacket copy of Certify.	https://www.kali.org/tools/certi/
certipy-ad	certipy-ad	top10		certipy-ad,certipy-ad	Tool for attacking AD Certificate Services Offensive tool for enumerating and abusing Active Directory Certificate Services (AD CS).	https://www.kali.org/tools/certipy-ad/
cewl	cewl	passwords	凭据访问	cewl,cewl,fab-cewl	Custom word list generator CeWL (Custom Word List generator) is a ruby app which spiders a given URL, up to a specified depth, and returns a list of words which can then be used for password crackers such as John the Ripper. Optionally, CeWL can follow external links. CeWL can also create a list of email addresses found in mailto	https://www.kali.org/tools/cewl/
chainsaw	chainsaw	utils		chainsaw,chainsaw	Rapidly search and hunt through Windows forensic artefacts Chainsaw provides a powerful ‘first-response’ capability to quickly identify threats within Windows forensic artefacts such as Event Logs and the MFT files. Chainsaw offers a generic and fast method of searching through event logs for keywords, and by identifying threats using built-in support for Sigma	https://www.kali.org/tools/chainsaw/
changeme	changeme	utils		changeme,changeme	Default credential scanner This package contains a default credential scanner. Commercial vulnerability scanners miss common default credentials. Getting default credentials added to commercial scanners is often difficult and slow. changeme is designed to be simple to add new credentials without having to write any code or modules. changeme keeps credential data separate from code. All credentials are stored	https://www.kali.org/tools/changeme/
chaosreader	chaosreader	utils		chaosreader,chaosreader	Trace network sessions and export it to html format Chaosreader traces TCP/UDP/others sessions and fetches application data from snoop or tcpdump logs (or other libpcap compatible programs). This is a type of “any-snarf” program, as it will fetch telnet sessions, FTP files, HTTP transfers (HTML, GIF, JPEG etc) and SMTP emails from the captured data inside network traffic logs. A html index file is created to that links to all the	https://www.kali.org/tools/chaosreader/
cherrytree	cherrytree	utils	服务与其它工具	cherrytree,cherrytree	Hierarchical note taking application CherryTree is a hierarchical note taking application, featuring rich text, syntax highlighting, images handling, hyperlinks, import/export with support for multiple formats, support for multiple languages, and more.	https://www.kali.org/tools/cherrytree/
chirp	chirp	wireless	侦察	chirp,chirpc,chirpw,experttune	Configuration tool for amateur radios CHIRP is a free, open-source tool for programming your amateur radio. It supports a large number of manufacturers and models, as well as provides a way to interface with multiple data sources and formats. CHIRP can handle data in the following formats: Comma Separated Values (.csv)	https://www.kali.org/tools/chirp/
chisel	chisel	utils	命令与控制	chisel,chisel	Fast TCP/UDP tunnel over HTTP (program) This package contains a fast TCP/UDP tunnel, transported over HTTP, secured via SSH. Single executable including both client and server. Chisel is mainly useful for passing through firewalls, though it can also be used to provide a secure endpoint into your network.	https://www.kali.org/tools/chisel/
chisel-common-binaries	chisel-common-binaries	utils	命令与控制	chisel-common-binaries,chisel-common-binaries	Prebuilt binaries for chisel This package contains a fast TCP/UDP tunnel, transported over HTTP, secured via SSH. Single executable including both client and server. Chisel is mainly useful for passing through firewalls, though it can also be used to provide a secure endpoint into your network.	https://www.kali.org/tools/chisel-common-binaries/
chkrootkit	chkrootkit	forensics	数字取证	chkrootkit,chklastlog,chkrootkit,chkrootkit-daily,chkwtmp	Rootkit detector The chkrootkit security scanner searches for signs that the system is infected with a ‘rootkit’. Rootkits are a form of malware that seek to exploit security flaws to grant unauthorised access to a computer or its services, generally for malicious purposes. chkrootkit can identify signs of over 70 different rootkits (see the	https://www.kali.org/tools/chkrootkit/
chntpw	chntpw	passwords	凭据访问	chntpw,chntpw,reged,sampasswd,samunlock,samusrgrp	NT SAM password recovery utility This little program provides a way to view information and change user passwords in a Windows NT/2000 user database file. Old passwords need not be known since they are overwritten. In addition it also contains a simple registry editor (same size data writes) and an hex-editor which enables you to	https://www.kali.org/tools/chntpw/
chromium	chromium	utils		chromium,chromium,chromium-common,chromium-driver,chromedriver,chromium-headless-shell,chromium-headless-shell,chromium-l10n,chromium-sandbox,chromium-shell,chromium-shell	Web browser Web browser that aims to build a safer, faster, and more stable internet browsing experience. This package contains the web browser component.	https://www.kali.org/tools/chromium/
cifs-utils	cifs-utils	utils		cifs-utils,cifs.idmap,cifs.upcall,cifscreds,getcifsacl,mount.cifs,mount.smb3,setcifsacl,smb2-quota,smbinfo	Common Internet File System utilities The SMB/CIFS protocol provides support for cross-platform file sharing with Microsoft Windows, OS X, and other Unix systems. This package provides utilities for managing mounts of CIFS network file systems.	https://www.kali.org/tools/cifs-utils/
cilium-cli	cilium-cli	utils		cilium-cli,cilium	Cilium CLI (program) This package contains a CLI to install, manage & troubleshoot Kubernetes clusters running Cilium.	https://www.kali.org/tools/cilium-cli/
ciphey	ciphey	utils		python3-ciphey,ciphey	root@kali:~# ciphey --help Usage: ciphey [OPTIONS] [TEXT_STDIN] Ciphey - Automated Decryption Tool Documentation: https://github.com/Ciphey/Ciphey/wiki Discord (support here, we're online most of the day): https://discord.ciphey.online/	https://www.kali.org/tools/ciphey/
cisco-auditing-tool	cisco-auditing-tool	vulnerability	侦察	cisco-auditing-tool	Scans Cisco routers for vulnerabilities Perl script which scans cisco routers for common vulnerabilities.	https://www.kali.org/tools/cisco-auditing-tool/
cisco-global-exploiter	cisco-global-exploiter	vulnerability	发现	cisco-global-exploiter,cge.pl	Simple and fast Cisco exploitation tool Cisco Global Exploiter (CGE), is an advanced, simple and fast security testing tool.	https://www.kali.org/tools/cisco-global-exploiter/
cisco-ocs	cisco-ocs	vulnerability	发现	cisco-ocs,cisco-ocs	Mass Cisco scanner A mass Cisco scanning tool.	https://www.kali.org/tools/cisco-ocs/
cisco-torch	cisco-torch	vulnerability	发现	cisco-torch,cisco-torch	Cisco device scanner The main feature that makes cisco-torch different from similar tools is the extensive use of forking to launch multiple scanning processes on the background for maximum scanning efficiency. Also, it uses several methods of application layer fingerprinting simultaneoulsy, if needed.	https://www.kali.org/tools/cisco-torch/
cisco7crack	cisco7crack	utils		cisco7crack,cisco7crack	Crypt and decrypt the cisco type 7 passwords This tool is used to crack Cisco Type 7 passwords. Can be used to encrypt and decrypt Cisco device passwords. Originally designed in order to allow quick decryption of stored passwords, Type 7 passwords are not a secure form of password storage. There are many tools available that can easily decrypt these passwords. Use of Type 7	https://www.kali.org/tools/cisco7crack/
clamav	clamav	protect		clamav,clambc,clamscan,clamsubmit,sigtool,clamav-base,clamav-daemon,clamconf,clamd,clamdtop,clamonacc,clamav-doc,clamav-docs,clamav-freshclam,freshclam,clamav-milter,clamav-milter,clamav-testfiles,clamdscan,clamdscan,libclamav-dev,clamav-config,libclamav12	Anti-virus utility for Unix - command-line interface Clam AntiVirus is an anti-virus toolkit for Unix. The main purpose of this software is the integration with mail servers (attachment scanning). The package provides a flexible and scalable multi-threaded daemon in the clamav-daemon package, a command-line scanner in the clamav package, and a tool for automatic updating via	https://www.kali.org/tools/clamav/
cloud-enum	cloud-enum	utils		cloud-enum,cloud_enum	Multi-cloud open source intelligence tool cloud_enum enumerates public resources matching user requested keywords in public clouds: Amazon Web Services: Open S3 Buckets Protected S3 Buckets	https://www.kali.org/tools/cloud-enum/
cloudbrute	cloudbrute	utils		cloudbrute,cloudbrute	Awesome cloud enumerator (program) This package contains a tool to find a company (target) infrastructure, files, and apps on the top cloud providers (Amazon, Google, Microsoft, DigitalOcean, Alibaba, Vultr, Linode). The outcome is useful for bug bounty hunters, red teamers, and penetration testers alike. The complete writeup is available here	https://www.kali.org/tools/cloudbrute/
cmospwd	cmospwd	passwords	凭据访问	cmospwd,cmospwd	Decrypt BIOS passwords from CMOS CmosPwd is a cross-platform tool to decrypt password stored in CMOS used to access a computer’s BIOS setup. This application should work out of the box on most modern systems, but some more esoteric BIOSes may not be supported or may require additional steps.	https://www.kali.org/tools/cmospwd/
cmseek	cmseek	utils		cmseek,cmseek	CMS Detection and Exploitation suite This package contains a CMS Detection and Exploitation suite. It scans WordPress, Joomla, Drupal and over 180 other CMSs. A content management system (CMS) manages the creation and modification of digital content. It typically supports multiple users in a collaborative environment.	https://www.kali.org/tools/cmseek/
cntlm	cntlm	utils		cntlm,cntlm	Fast NTLM authentication proxy with tunneling Cntlm is a fast and efficient NTLM proxy, with support for TCP/IP tunneling, authenticated connection caching, ACLs, proper daemon logging and behaviour and much more. It has up to ten times faster responses than similar NTLM proxies, while using by orders or magnitude less RAM and CPU. Manual page contains detailed information.	https://www.kali.org/tools/cntlm/
code-oss	code-oss	utils	资源开发	code-oss,code,code-oss,vscode	Open Source package of vscode This package contains code-oss, a code editor with what developers need for their core edit-build-debug cycle. It provides comprehensive code editing, navigation, and understanding support along with lightweight debugging, a rich extensibility model, and lightweight integration with existing tools. This package is built from Microsoft open source code named code-oss.	https://www.kali.org/tools/code-oss/
coercer	coercer	utils		coercer,coercer	Coerce a Windows server to authenticate on an arbitrary machine A Python script to automatically coerce a Windows server to authenticate on an arbitrary machine through many methods.	https://www.kali.org/tools/coercer/
colly	colly	utils		colly,colly,golang-github-gocolly-colly-dev	Elegant Scraper and Crawler Framework for Golang (program) This package contains a Colly Lightning Fast and Elegant Scraping Framework for Gophers. Colly provides a clean interface to write any kind of crawler/scraper/spider. With Colly you can easily extract structured data from websites, which can be used for a wide range of applications, like data mining, data	https://www.kali.org/tools/colly/
command-not-found	command-not-found	utils		command-not-found,command-not-found,update-command-not-found	Suggest installation of packages in interactive bash sessions This package will install a handler for command_not_found that looks up programs not currently installed but available from the repositories.	https://www.kali.org/tools/command-not-found/
commix	commix	web	初始访问	commix,commix	Automated All-in-One OS Command Injection and Exploitation Tool This package contains Commix (short for [comm]and [i]njection e[x]ploiter). It has a simple environment and it can be used, from web developers, penetration testers or even security researchers to test web applications with the view to find bugs, errors or vulnerabilities related to command injection attacks. By using this tool, it is very easy to find and exploit a command	https://www.kali.org/tools/commix/
copy-router-config	copy-router-config	vulnerability	发现	copy-router-config,copy-router-config.pl,merge-router-config.pl	Copies Cisco configs via SNMP This package copies configuration files from Cisco devices running SNMP.	https://www.kali.org/tools/copy-router-config/
cosign	cosign	utils		cosign,cosign,golang-github-sigstore-cosign-dev	Code signing/transparency for containers and binaries (program) Signing OCI containers (and other artifacts) using Sigstore Cosign supports: “Keyless signing” with the Sigstore public good Fulcio certificate authority and Rekor transparency log (default) Hardware and KMS signing	https://www.kali.org/tools/cosign/
covenant-kbx	covenant-kbx	utils		covenant-kbx,covenant-kbx	.NET command and control framework This package contains Covenant: .NET command and control framework that aims to highlight the attack surface of .NET, make the use of offensive .NET tradecraft easier, and serve as a collaborative command and control platform for red teamers. Covenant is an ASP.NET Core, cross-platform application that includes a	https://www.kali.org/tools/covenant-kbx/
cowpatty	cowpatty	wireless	凭据访问	cowpatty,cowpatty,genpmk	Brute-force WPA dictionary attack If you are auditing WPA-PSK or WPA2-PSK networks, you can use this tool to identify weak passphrases that were used to generate the PMK. Supply a libpcap capture file that includes the 4-way handshake, a dictionary file of passphrases to guess with, and the SSID for the network.	https://www.kali.org/tools/cowpatty/
crack	crack	utils		crack	Password guessing program (crypt() variant) Crack is program designed to quickly locate vulnerabilities in Unix (or other) password files by scanning the contents of a password file, looking for users who have misguidedly chosen a weak login password. This package provides the runtime files for the crypt() version.	https://www.kali.org/tools/crack/
crackle	crackle	passwords	凭据访问	crackle,crackle	Crack and decrypt BLE encryption crackle exploits a flaw in the BLE pairing process that allows an attacker to guess or very quickly brute force the TK (Temporary Key). With the TK and other data collected from the pairing process, the STK (Short Term Key) and later the LTK (Long Term Key) can be collected. With the STK and LTK, all communications between the master and the slave can	https://www.kali.org/tools/crackle/
crackmapexec	crackmapexec	utils	防御规避	crackmapexec,cmedb,crackmapexec	Swiss army knife for pentesting networks This package is a swiss army knife for pentesting Windows/Active Directory environments. From enumerating logged on users and spidering SMB shares to executing psexec style attacks, auto-injecting Mimikatz/Shellcode/DLL’s into memory using Powershell, dumping the NTDS.dit and more.	https://www.kali.org/tools/crackmapexec/
creddump7	creddump7	passwords	凭据访问	creddump7,creddump7	Python tool to extract credentials and secrets from Windows registry hives This package contains a Python tool to extract various credentials and secrets from Windows registry hives. It’s based on the creddump program. Many patches and fixes have been applied by Ronnie Flathers.	https://www.kali.org/tools/creddump7/
cri-tools	cri-tools	utils		cri-tools,crictl,critest	Command line tool used for creating OCI images This package contains a series of debugging and validation tools for Kubelet CRI, which includes: crictl: CLI for kubelet CRI. critest: validation test suites for kubelet CRI.	https://www.kali.org/tools/cri-tools/
crlfuzz	crlfuzz	utils	侦察	crlfuzz,crlfuzz	Fast tool to scan CRLF vulnerability written in Go CRLFuzz is a tool to scan for CRLF vulnerabilities in a fast way using Go	https://www.kali.org/tools/crlfuzz/
crowbar	crowbar	utils	凭据访问	crowbar,crowbar	Brute forcing tool This package contains Crowbar (formally known as Levye). It is a brute forcing tool that can be used during penetration tests. It was developed to brute force some protocols in a different manner according to other popular brute forcing tools. As an example, while most brute forcing tools use username and password for SSH brute force, Crowbar uses SSH key(s). This allows for any private keys	https://www.kali.org/tools/crowbar/
crunch	crunch	passwords	凭据访问	crunch,crunch	Tool for creating wordlist Crunch is a wordlist generator where you can specify a standard character set or any set of characters to be used in generating the wordlists. The wordlists are created through combination and permutation of a set of characters. You can determine the amount of characters and list size.	https://www.kali.org/tools/crunch/
cryptcat	cryptcat	utils		cryptcat,cryptcat	Lightweight version netcat extended with twofish encryption Cryptcat is a simple Unix utility which reads and writes data across network connections, using TCP or UDP protocol while encrypting the data being transmitted. It is designed to be a reliable “back-end” tool that can be used directly or easily driven by other programs and scripts. At the same time, it is a	https://www.kali.org/tools/cryptcat/
cryptsetup	cryptsetup	protect		cryptsetup,cryptdisks_start,cryptdisks_stop,luksformat,cryptsetup-bin,cryptsetup,integritysetup,veritysetup,cryptsetup-initramfs,cryptsetup-ssh,cryptsetup-ssh,cryptsetup-suspend,cryptsetup-udeb,libcryptsetup-dev,libcryptsetup12,libcryptsetup12-udeb	Disk encryption support - startup scripts Cryptsetup provides an interface for configuring encryption on block devices (such as /home or swap partitions), using the Linux kernel device mapper target dm-crypt. It features integrated Linux Unified Key Setup (LUKS) support. Cryptsetup is backwards compatible with the on-disk format of cryptoloop,	https://www.kali.org/tools/cryptsetup/
cryptsetup-nuke-password	cryptsetup-nuke-password	protect		cryptsetup-nuke-password	Erase the LUKS keys with a special password on the unlock prompt Installing this package lets you configure a special “nuke password” that can be used to destroy the encryption keys required to unlock the encrypted partitions. This password can be entered in the usual early-boot prompt asking the passphrase to unlock the encrypted partition(s). This provides a relatively stealth way to make your data unreadable in	https://www.kali.org/tools/cryptsetup-nuke-password/
cupid-wpa	cupid-wpa	utils		cupid-hostapd,cupid-hostapd,cupid-hostapd_cli,cupid-wpasupplicant,cupid-wpa_cli,cupid-wpa_passphrase,cupid-wpa_supplicant	Fork of hostapd to exploit hertbleed vulnerability on wireless networks cupid-hostapd provide a binary of the same name that has been patched to exploit the heartbleed vulnerability over EAP TLS tunneled protocols (EAP-PEAP, EAP-TLS, EAP-TTLS) in use in wireless networks. With cupid-hostapd you can setup a fake wireless network to exploit the vulnerability of terminals that try to connect to it.	https://www.kali.org/tools/cupid-wpa/
curl	curl	information-gathering		curl,curl,wcurl,libcurl3t64-gnutls,libcurl4-doc,libcurl4-gnutls,libcurl4-gnutls-dev,curl-config,libcurl4-openssl-dev,curl-config,libcurl4t64	Command line tool for transferring data with URL syntax curl is a command line tool for transferring data with URL syntax, supporting DICT, FILE, FTP, FTPS, GOPHER, HTTP, HTTPS, IMAP, IMAPS, LDAP, LDAPS, POP3, POP3S, RTMP, RTSP, SCP, SFTP, SMTP, SMTPS, TELNET and TFTP. curl supports SSL certificates, HTTP POST, HTTP PUT, FTP uploading, HTTP form based upload, proxies, cookies, user+password authentication (Basic, Digest,	https://www.kali.org/tools/curl/
cutecom	cutecom	hardware		cutecom,cutecom	Graphical serial terminal, like minicom Cutecom is a graphical serial terminal, like minicom. It is aimed mainly at hardware developers or other people who need a terminal to talk to their devices. It features lineoriented interface instead of character-oriented, xmodem, ymodem, zmodem support (requires the lrzsz package) and hexadecimal input and output among	https://www.kali.org/tools/cutecom/
cutycapt	cutycapt	web	服务与其它工具	cutycapt,cutycapt	Utility to capture WebKit’s rendering of a web page CutyCapt is a small cross-platform command-line utility to capture WebKit’s rendering of a web page into a variety of vector and bitmap formats, including SVG, PDF, PS, PNG, JPEG, TIFF, GIF, and BMP.	https://www.kali.org/tools/cutycapt/
cymothoa	cymothoa	post-exploitation	持久化	cymothoa,bgrep,cymothoa,udp_server	Stealth backdooring tool Cymothoa is a stealth backdooring tool, that inject backdoor’s shellcode into an existing process. The tool uses the ptrace library (available on nearly all * nix), to manipulate processes and infect them.	https://www.kali.org/tools/cymothoa/
dalfox	dalfox	utils		dalfox,dalfox	Powerful open-source XSS scanner and utility focused on automation Dalfox is a powerful open-source tool that focuses on automation, making it ideal for quickly scanning for XSS flaws and analyzing parameters. Its advanced testing engine and niche features are designed to streamline the process of detecting and verifying vulnerabilities.	https://www.kali.org/tools/dalfox/
darkstat	darkstat	sniffing-spoofing	发现	darkstat,darkstat	Network traffic analyzer It is a packet sniffer which runs as a background process and serves its statistics to a web browser: input and output IP traffic by machines, ports and protocols, last minute, hourly, daily and monthly global input and output graphics. It is known to be smaller (in terms of memory footprint) and stabler than ntop.	https://www.kali.org/tools/darkstat/
davtest	davtest	web	侦察	davtest,davtest	Testing tool for WebDAV servers DAVTest tests WebDAV enabled servers by uploading test executable files, and then (optionally) uploading files which allow for command execution or other actions directly on the target. It is meant for penetration testers to quickly and easily determine if enabled DAV services are	https://www.kali.org/tools/davtest/
dbd	dbd	post-exploitation	命令与控制	dbd,dbd	Netcat clone with encryption dbd is a Netcat-clone, designed to be portable and offer strong encryption. It runs on Unix-like operating systems and on Microsoft Win32. dbd features AES-CBC-128 + HMAC-SHA1 encryption (by Christophe Devine), program execution (-e option), choosing source port, continuous	https://www.kali.org/tools/dbd/
dbeaver	dbeaver	utils		dbeaver,dbeaver	Universal Database Manager and SQL Client This package contains DBeaver Community Edition. It’s Free multi-platform database tool for developers, SQL programmers, database administrators and analysts. Supports all popular databases: MySQL, PostgreSQL, SQLite, Oracle, DB2, SQL Server, Sybase, Teradata, Cassandra.	https://www.kali.org/tools/dbeaver/
dc3dd	dc3dd	forensics	数字取证	dc3dd,dc3dd	Patched version of GNU dd with forensic features dc3dd is a patched version of GNU dd with added features for computer forensics: on the fly hashing (md5, sha-1, sha-256, and sha-512); possibility to write errors to a file; group errors in the error log;	https://www.kali.org/tools/dc3dd/
dcfldd	dcfldd	forensics	数字取证	dcfldd,dcfldd	Enhanced version of dd for forensics and security dcfldd was initially developed at Department of Defense Computer Forensics Lab (DCFL). This tool is based on the dd program with the following additional features: Hashing on-the-fly: dcfldd can hash the input data as it is being transferred, helping to ensure data integrity.	https://www.kali.org/tools/dcfldd/
ddrescue	ddrescue	forensics	数字取证	ddrescue,dd_rescue	Data recovery and protection tool When your disk has crashed and you try to copy it over to another one, standard Unix tools like cp, cat, and dd will abort on every I/O error, dd_rescue does not. It optimizes copying by using large blocks as long as no errors occur and falls back to smaller blocks. It supports reverse direction copying	https://www.kali.org/tools/ddrescue/
defectdojo	defectdojo	identify	服务与其它工具	defectdojo,defectdojo,defectdojo-start,defectdojo-stop	Security orchestration and vulnerability management platform This package contains a security orchestration and vulnerability management platform. DefectDojo allows you to manage your application security program, maintain product and application information, triage vulnerabilities and push findings to systems like JIRA and Slack. DefectDojo enriches and refines vulnerability data using a number of heuristic algorithms that improve with	https://www.kali.org/tools/defectdojo/
detect-it-easy	detect-it-easy	utils		detect-it-easy,die,diec,diel	Program for determining types of files Detect It Easy (DiE) is a powerful tool for file type identification, popular among malware analysts, cybersecurity experts, and reverse engineers worldwide. Supporting both signature-based and heuristic analysis, DiE enables efficient file inspections across a broad range of platforms, including Windows, Linux, and MacOS. Its adaptable, script-driven detection architecture	https://www.kali.org/tools/detect-it-easy/
dex2jar	dex2jar	reverse-engineering	资源开发	dex2jar,d2j-apk-sign,d2j-asm-verify,d2j-baksmali,d2j-class-version-switch,d2j-decrypt-string,d2j-dex-recompute-checksum,d2j-dex-weaver,d2j-dex2jar,d2j-dex2smali,d2j-jar-access,d2j-jar-weaver,d2j-jar2dex,d2j-jar2jasmin,d2j-jasmin2jar,d2j-smali,d2j-std-apk,d2j_invoke,dex-tools	Tools to work with android .dex and java .class files dex2jar contains 4 compments: dex-reader is designed to read the Dalvik Executable (.dex/.odex) format. It has a light weight API similar with ASM. An example here dex-translator is designed to do the convert job. It reads	https://www.kali.org/tools/dex2jar/
dfdatetime	dfdatetime	forensics		python3-dfdatetime	Digital Forensics date and time library for Python 3 dfDateTime, or Digital Forensics date and time, provides date and time objects to preserve accuracy and precision.	https://www.kali.org/tools/dfdatetime/
dfvfs	dfvfs	forensics		python3-dfvfs	Digital Forensics Virtual File System The Digital Forensics Virtual File System, provides read-only access to file-system objects from various storage media types and file formats. The goal of dfVFS is to provide a generic interface for accessing file-system objects, for which it uses several back-ends that provide the actual implementation of the various storage media	https://www.kali.org/tools/dfvfs/
dfwinreg	dfwinreg	forensics		python3-dfwinreg	Digital Forensics Windows Registry library for Python 3 dfWinReg, or Digital Forensics Windows Registry, provides read-only access to Windows Registry objects. The goal of dfWinReg is to provide a generic interface for accessing Windows Registry objects that resembles the Registry key hierarchy as seen on a live Windows system.	https://www.kali.org/tools/dfwinreg/
dhcpig	dhcpig	vulnerability	影响	dhcpig,dhcpig	DHCP exhaustion script using scapy network library DHCPig initiates an advanced DHCP exhaustion attack. It will consume all IPs on the LAN, stop new users from obtaining IPs, release any IPs in use, then for good measure send gratuitous ARP and knock all windows hosts offline. It is based on the scapy library and requests admin privileges to execute. It has been tested on multiple Linux distributions and multiple DHCP servers	https://www.kali.org/tools/dhcpig/
dirb	dirb	web	侦察	dirb,dirb,dirb-gendict,html2dic	URL bruteforcing tool DIRB is a Web Content Scanner. It looks for existing (and/or hidden) Web Objects. It basically works by launching a dictionary based attack against a web server and analyzing the responses. DIRB comes with a set of preconfigured attack wordlists for easy usage but you can use your custom wordlists. Also DIRB sometimes can be used as a	https://www.kali.org/tools/dirb/
dirbuster	dirbuster	information-gathering	侦察	dirbuster,dirbuster	Web server directory brute-forcer DirBuster is a multi threaded java application designed to brute force directories and files names on web/application servers. Often is the case now of what looks like a web server in a state of default installation is actually not, and has pages and applications hidden within. DirBuster	https://www.kali.org/tools/dirbuster/
dirsearch	dirsearch	utils	侦察	dirsearch,dirsearch	Web path scanner This package contains is a command-line tool designed to brute force directories and files in webservers. As a feature-rich tool, dirsearch gives users the opportunity to perform a complex web content discovering, with many vectors for the wordlist, high accuracy, impressive performance, advanced connection/request settings, modern	https://www.kali.org/tools/dirsearch/
dislocker	dislocker	utils		dislocker,dislocker,dislocker-bek,dislocker-file,dislocker-find,dislocker-fuse,dislocker-metadata,libdislocker0-dev,libdislocker0.7t64	Read/write encrypted BitLocker volumes Dislocker has been designed to read BitLocker encrypted partitions under a Linux system. The driver used to read volumes encrypted in Windows system versions of the Vista to 10 and BitLocker-To-Go encrypted partitions, that’s USB/FAT32 partitions. The software works with driver composed of a library, with multiple binaries	https://www.kali.org/tools/dislocker/
distorm3	distorm3	forensics		libdistorm3-3,libdistorm3-dev,python3-distorm3	Powerful disassembler library for x86/AMD64 binary streams (runtime) diStorm3 is a binary stream disassembler library project. With diStorm3, no more parsing strings is needed. diStorm3 is really a decomposer, which means it takes an instruction and returns a binary structure which describes it rather than static text. This is great for advanced binary code analysis.	https://www.kali.org/tools/distorm3/
dmitry	dmitry	information-gathering	侦察	dmitry,dmitry	Deepmagic Information Gathering Tool DMitry is a UNIX/(GNU)Linux command line application written in C. DMitry can find possible subdomains, email addresses, uptime information, perform tcp port scan, whois lookups, and more.	https://www.kali.org/tools/dmitry/
dns2tcp	dns2tcp	post-exploitation	命令与控制	dns2tcp,dns2tcpc,dns2tcpd	TCP-over-DNS tunnel server and client dns2tcp is a set of tools to encapsulate a TCP session in DNS packets. This type of encapsulation generates smaller packets than IP-over-DNS, improving throughput. The client does not need root privileges.1	https://www.kali.org/tools/dns2tcp/
dnscat2	dnscat2	utils	命令与控制	dnscat2,dnscat2-client,dnscat,dnscat2-server,dnscat2-server	DNS tunnel (metapackage) This tool is designed to create an encrypted command-and-control (C&C) channel over the DNS protocol, which is an effective tunnel out of almost every network.	https://www.kali.org/tools/dnscat2/
dnschef	dnschef	sniffing-spoofing	发现	dnschef,dnschef	DNS proxy for penetration testers DNSChef is a highly configurable DNS proxy for Penetration Testers and Malware Analysts. A DNS proxy (aka “Fake DNS”) is a tool used for application network traffic analysis among other uses. For example, a DNS proxy can be used to fake requests for “badguy.com” to point to a local machine	https://www.kali.org/tools/dnschef/
dnsenum	dnsenum	information-gathering	侦察	dnsenum,dnsenum	Tool to enumerate domain DNS information Dnsenum is a multithreaded perl script to enumerate DNS information of a domain and to discover non-contiguous ip blocks. The main purpose of Dnsenum is to gather as much information as possible about a domain. The program currently performs the following operations: Get the host’s addresses (A record).	https://www.kali.org/tools/dnsenum/
dnsgen	dnsgen	utils		dnsgen,dnsgen	DNS generator This package provides a generator of a combination of domain names from the provided input. Combinations are created based on wordlist. Custom words are extracted per execution.	https://www.kali.org/tools/dnsgen/
dnsmap	dnsmap	information-gathering	侦察	dnsmap,dnsmap,dnsmap-bulk	DNS domain name brute forcing tool dnsmap scans a domain for common subdomains using a built-in or an external wordlist (if specified using -w option). The internal wordlist has around 1000 words in English and Spanish as ns1, firewall servicios and smtp. So will be possible search for smtp.example.com inside example.com automatically. Results can be saved in CSV and human-readable format for further processing. dnsmap	https://www.kali.org/tools/dnsmap/
dnsrecon	dnsrecon	information-gathering	侦察	dnsrecon,dnsrecon	Powerful DNS enumeration script DNSRecon is a Python script that provides the ability to perform: Check all NS Records for Zone Transfers. Enumerate General DNS Records for a given Domain (MX, SOA, NS, A, AAAA, SPF and TXT). Perform common SRV Record Enumeration.	https://www.kali.org/tools/dnsrecon/
dnstracer	dnstracer	information-gathering	侦察	dnstracer,dnstracer	Trace DNS queries to the source dnstracer determines where a given Domain Name Server (DNS) gets its information from for a given hostname, and follows the chain of DNS servers back to the authoritative answer.	https://www.kali.org/tools/dnstracer/
dnstwist	dnstwist	utils		dnstwist,dnstwist	Domain name permutation engine dnstwist generates a list of similarly looking domain names for a given domain name and performs DNS queries for them (A, AAAA, NS and MX). For MX records it checks whether there is an active mail server which could be used to intercept misdirected emails. Additionally it estimates webpage similarity based on fuzzy hashes.	https://www.kali.org/tools/dnstwist/
dnswalk	dnswalk	information-gathering	侦察	dnswalk,dnswalk	Checks dns zone information using nameserver lookups dnswalk is a DNS debugger. It performs zone transfers of specified domains, and checks the database in numerous ways for internal consistency, as well as accuracy.	https://www.kali.org/tools/dnswalk/
dnsx	dnsx	utils		dnsx,dnsx	Perform multiple dns queries This package contains a fast and multi-purpose DNS toolkit allow to run multiple probes using retryabledns library, that allows you to perform multiple DNS queries of your choice with a list of user supplied resolvers, additionally supports DNS wildcard filtering like shuffledns (	https://www.kali.org/tools/dnsx/
donut-shellcode	donut-shellcode	utils	资源开发	donut,donut,python-donut-doc,python3-donut	Generates position-independent shellcode from memory and runs them Donut is a position-independent code that enables in-memory execution of VBScript, JScript, EXE, DLL files and dotNET assemblies. A module created by Donut can either be staged from a HTTP server or embedded directly in the loader itself. The module is optionally encrypted using the Chaskey block cipher and a 128-bit randomly generated key. After the file is loaded and	https://www.kali.org/tools/donut-shellcode/
doona	doona	utils		doona,doona	Network fuzzer forked from bed Doona is a fork of the Bruteforce Exploit Detector Tool (BED). BED is a program which is designed to check daemons for potential buffer overflows, format string bugs etc.	https://www.kali.org/tools/doona/
dos2unix	dos2unix	utils		dos2unix,dos2unix,mac2unix,unix2dos,unix2mac	Convert text file line endings between CRLF and LF This package contains utilities dos2unix, unix2dos, mac2unix, unix2mac to convert the line endings of text files between UNIX (LF), DOS (CRLF) and Mac (CR) formats. Text files under Windows and DOS typically have two ASCII characters at the end of each line: CR (carriage return) followed by LF (line	https://www.kali.org/tools/dos2unix/
dotdotpwn	dotdotpwn	web		dotdotpwn,dotdotpwn	Directory Traversal Fuzzer. DotDotPwn is a very flexible intelligent fuzzer to discover traversal directory vulnerabilities in software such as HTTP/FTP/TFTP servers, Web platforms such as CMSs, ERPs, Blogs, etc.	https://www.kali.org/tools/dotdotpwn/
dploot	dploot	top10		python3-dploot,dploot	root@kali:~# dploot -h dploot (https://github.com/zblurx/dploot) v3.1.2 by @_zblurx usage: dploot [-h] {backupkey,blob,browser,certificates,credentials,machinecertificates,machinecredentials,machinemasterkeys,machinetriage,machinevaults,masterkeys,mobaxterm,rdg,sccm,triage,vaults,wam,wifi} ... DPAPI looting locally remotely in Python positional arguments:	https://www.kali.org/tools/dploot/
dradis	dradis	reporting	服务与其它工具	dradis,dradis,dradis-start,dradis-stop	Collaboration tools for penetration testing Dradis is a tool to help you simplify reporting and collaboration. Spend more time testing and less time reporting Ensure consistent quality across your assessments Combine the output of your favorite scanners Dradis is an open-source project released in 2007 that has been refined for	https://www.kali.org/tools/dradis/
driftnet	driftnet	sniffing-spoofing	发现	driftnet,driftnet	Picks out and displays images from network traffic Inspired by EtherPEG, Driftnet is a program which listens to network traffic and picks out images from TCP streams it observes. It is interesting to run it on a host which sees a lot of web traffic. (Obviously, this is an invasion of privacy of a fairly blatant sort. Also, if you are possessed of Victorian sensibilities, and share an	https://www.kali.org/tools/driftnet/
dscan	dscan	utils		dscan,dscan,dscan-doc	Wrapper around nmap This package provides a wrapper around nmap, and distribute scans across several hosts. It aggregates / splits address ranges, uses a configuration file where scan configuration can be adjusted, supports resume.	https://www.kali.org/tools/dscan/
dsniff	dsniff	vulnerability	发现	dsniff,arpspoof,dnsspoof,dsniff,filesnarf,macof,mailsnarf,msgsnarf,sshmitm,sshow,tcpkill,tcpnice,urlsnarf,webmitm,webspy	Various tools to sniff network traffic for cleartext insecurities This package contains several tools to listen to and create network traffic: arpspoof - Send out unrequested (and possibly forged) arp replies. dnsspoof - forge replies to arbitrary DNS address / pointer queries on the Local Area Network. dsniff - password sniffer for several protocols.	https://www.kali.org/tools/dsniff/
dufflebag	dufflebag	utils		dufflebag,dufflebag	Search exposed EBS volumes for secrets (program) Dufflebag is a tool that searches through public Elastic Block Storage (EBS) snapshots for secrets that may have been accidentally left in. The tool is organized as an Elastic Beanstalk (“EB”, not to be confused with EBS) application, and definitely won’t work if you try to run it on your own machine.	https://www.kali.org/tools/dufflebag/
dumpsterdiver	dumpsterdiver	utils		dumpsterdiver	Tool to analyze big volumes of data in search of hardcoded secrets This package contains a tool, which can analyze big volumes of data in search of hardcoded secrets like keys (e.g. AWS Access Key, Azure Share Key or SSH keys) or passwords. Additionally, it allows creating a simple search rules with basic conditions (e.g. report only csv files including at least 10 email addresses).	https://www.kali.org/tools/dumpsterdiver/
dumpzilla	dumpzilla	forensics		dumpzilla,dumpzilla	Mozilla browser forensic tool Dumpzilla application is developed in Python 3.x and has as purpose extract all forensic interesting information of Firefox, Iceweasel and Seamonkey browsers to be analyzed. Due to its Python 3.x development, might not work properly in old Python versions, mainly with certain characters. Works under Unix and Windows 32/64 bits systems. Works in command line interface, so information	https://www.kali.org/tools/dumpzilla/
dvwa	dvwa	utils	服务与其它工具	dvwa,dvwa-start,dvwa-stop	Damn Vulnerable Web Application This package contains a PHP/MySQL web application that is damn vulnerable. Its main goal is to be an aid for security professionals to test their skills and tools in a legal environment, help web developers better understand the processes of securing web applications and to aid both students & teachers to learn about web application security in a controlled class room environment.	https://www.kali.org/tools/dvwa/
dwarf2json	dwarf2json	utils		dwarf2json,dwarf2json	Utility to generat volatility 3 Intermediate Symbol File (ISF) JSON This package contains a Go utility that processes files containing symbol and type information to generate Volatilty3 Intermediate Symbol File (ISF) JSON output suitable for Linux and macOS analysis.	https://www.kali.org/tools/dwarf2json/
eaphammer	eaphammer	utils		eaphammer,eaphammer	Toolkit for targeted evil twin attacks against WPA2-Enterprise networks This package contains a toolkit for performing targeted evil twin attacks against WPA2-Enterprise networks. It is designed to be used in full scope wireless assessments and red team engagements. As such, focus is placed on providing an easy-to-use interface that can be leveraged to execute powerful wireless attacks with minimal manual configuration. To illustrate just how	https://www.kali.org/tools/eaphammer/
eapmd5pass	eapmd5pass	wireless	凭据访问	eapmd5pass,eapmd5pass	Tool for extracting and cracking EAP-MD5 EAP-MD5 is a legacy authentication mechanism that does not provide sufficient protection for user authentication credentials. Users who authenticate using EAP-MD5 subject themselves to an offline dictionary attack vulnerability. This tool reads from a live network interface in monitor-mode, or from a stored libpcap capture file, and extracts the portions of the EAP-MD5	https://www.kali.org/tools/eapmd5pass/
edb-debugger	edb-debugger	forensics	资源开发	edb-debugger,edb,edb-debugger-plugins	Cross platform x86/x86-64 debugger edb is a graphical cross platform x86/x86-64 debugger. It was inspired by Ollydbg, but aims to function on x86 and x86-64 as well as multiple OS’s. Linux is the only officially supported platform at the moment, but FreeBSD, OpenBSD, OSX and Windows ports are underway with varying	https://www.kali.org/tools/edb-debugger/
eksctl	eksctl	utils		eksctl,eksctl	Official CLI for Amazon EKS (program) eksctl is a simple CLI tool for creating clusters on EKS - Amazon’s new managed Kubernetes service for EC2. It is written in Go, and uses CloudFormation. You can create a cluster in minutes with just one command –	https://www.kali.org/tools/eksctl/
email2phonenumber	email2phonenumber	utils	侦察	email2phonenumber,email2phonenumber	OSINT tool to obtain a target’s phone number by having their email address This package contains an OSINT tool that allows you to obtain a target’s phone number just by having their email address. This tool helps automate discovering someone’s phone number by abusing password reset design weaknesses and publicly available data. It supports 3 main functions:	https://www.kali.org/tools/email2phonenumber/
emailharvester	emailharvester	utils	侦察	emailharvester,emailharvester	Email addresses harvester This package contains EmailHarvester, a tool to retrieve Domain email addresses from Search Engines. Features: Retrieve Domain email addresses from popular Search engines (Google, Bing, Yahoo, ASK, Baidu, Dogpile, Exalead) Export results to txt and xml files	https://www.kali.org/tools/emailharvester/
enum4linux	enum4linux	information-gathering	发现	enum4linux,enum4linux	Enumerates info from Windows and Samba systems Enum4linux is a tool for enumerating information from Windows and Samba systems. It attempts to offer similar functionality to enum.exe formerly available from www.bindview.com .	https://www.kali.org/tools/enum4linux/
enum4linux-ng	enum4linux-ng	utils	发现	enum4linux-ng,enum4linux-ng	Next generation version of enum4linux Next generation version of enum4linux (a Windows/Samba enumeration tool) with additional features like JSON/YAML export. Aimed for security professionals and CTF players.	https://www.kali.org/tools/enum4linux-ng/
enumiax	enumiax	vulnerability	凭据访问	enumiax,enumiax	IAX protocol username enumerator enumIAX is an Inter Asterisk Exchange protocol username brute-force enumerator. enumIAX may operate in two distinct modes; Sequential Username Guessing or Dictionary Attack.	https://www.kali.org/tools/enumiax/
ethtool	ethtool	wireless		ethtool,ethtool	Display or change Ethernet device settings ethtool can be used to query and change settings such as speed, auto- negotiation and checksum offload on many network devices, especially Ethernet devices.	https://www.kali.org/tools/ethtool/
ettercap	ettercap	exploitation	收集	ettercap-common,ettercap-graphical,ettercap,ettercap-pkexec,etterfilter,etterlog,ettercap-text-only,ettercap,etterfilter,etterlog	Multipurpose sniffer/content filter for man in the middle attacks root@kali:~# ettercap -h ettercap 0.8.4.1 copyright 2001-2026 Ettercap Development Team Usage: ettercap [OPTIONS] [TARGET1] [TARGET2] TARGET is in the format MAC/IP/IPv6/PORTs (see the man for further detail) Sniffing and Attack options:	https://www.kali.org/tools/ettercap/
evil-ssdp	evil-ssdp	utils		evil-ssdp,evil-ssdp	Spoof SSDP replies to phish for NTLM hashes on a network This tool responds to SSDP multicast discover requests, posing as a generic UPNP device on a local network. Your spoofed device will magically appear in Windows Explorer on machines in your local network. Users who are tempted to open the device are shown a configurable webpage.	https://www.kali.org/tools/evil-ssdp/
evil-winrm	evil-winrm	utils	防御规避	evil-winrm,evil-winrm	Ultimate WinRM shell for hacking/pentesting This package contains the ultimate WinRM shell for hacking/pentesting. WinRM (Windows Remote Management) is the Microsoft implementation of WS-Management Protocol. A standard SOAP based protocol that allows hardware and operating systems from different vendors to interoperate. Microsoft included it in their Operating Systems in order to make life easier to system	https://www.kali.org/tools/evil-winrm/
evil-winrm-py	evil-winrm-py	utils	防御规避	evil-winrm-py,evil-winrm-py,ewp	Execute commands on remote Windows machines using WinRM Python-based tool for executing commands on remote Windows machines using the WinRM (Windows Remote Management) protocol. It provides an interactive shell with enhanced features like file upload/download, command history, and colorized output. It supports various authentication methods including NTLM, Pass-the-Hash, Certificate, and Kerberos.	https://www.kali.org/tools/evil-winrm-py/
evilginx2	evilginx2	utils	收集	evilginx2,evilginx2	Man-in-the-middle attack framework This package contains a man-in-the-middle attack framework used for phishing login credentials along with session cookies, which in turn allows to bypass 2-factor authentication protection. This tool is a successor to Evilginx, released in 2017, which used a custom version of nginx HTTP server to provide man-in-the-middle functionality to act	https://www.kali.org/tools/evilginx2/
exe2hexbat	exe2hexbat	post-exploitation	防御规避	exe2hexbat,exe2hex	Convert EXE to bat A Python script to convert a Windows PE executable file to a batch file and vice versa.	https://www.kali.org/tools/exe2hexbat/
exiflooter	exiflooter	utils		exiflooter,exiflooter	Finds geolocation on all image urls and directories ExifLooter finds geolocation on all image urls and directories also integrates with OpenStreetMap.	https://www.kali.org/tools/exiflooter/
exifprobe	exifprobe	forensics		exifprobe,exifgrep,exifprobe	Read metadata from digital pictures Exifprobe reads image files produced by digital cameras (including several so-called “raw” file formats) and reports the structure of the files and the auxiliary data and metadata contained within them. In addition to TIFF, JPEG and EXIF, the program understands several formats which may contain “raw” camera data, including MRW, CIFF/CRW,	https://www.kali.org/tools/exifprobe/
exiv2	exiv2	forensics		exiv2,exiv2,libexiv2-28,libexiv2-data,libexiv2-dev,libexiv2-doc	EXIF/IPTC/XMP metadata manipulation tool Exiv2 is a C++ library and a command line utility to manage image metadata. It provides fast and easy read and write access to the Exif, IPTC and XMP metadata of images in various formats Exiv2 command line utility to: print Exif, IPTC and XMP image metadata in different formats:	https://www.kali.org/tools/exiv2/
expect	expect	utils		expect,autoexpect,autopasswd,cryptdir,decryptdir,dislocate,expect,expect8.6,expect9.0,expect_autoexpect,expect_autopasswd,expect_cryptdir,expect_decryptdir,expect_dislocate,expect_kibitz,expect_lpunlock,expect_mkpasswd,expect_multixterm,expect_passmass,expect_rftp,expect_rlogin-cwd,expect_timed-read,expect_timed-run,expect_tknewsbiff,expect_tkpasswd,expect_unbuffer,expect_weather,expect_xkibitz,expect_xpstat,kibitz,lpunlock,multixterm,passmass,rlogin-cwd,timed-read,timed-run,tknewsbiff,tkpasswd,unbuffer,xkibitz,xpstat,tcl-expect,tcl-expect-dev	Automates interactive applications Expect is a tool for automating interactive applications according to a script. Following the script, Expect knows what can be expected from a program and what the correct response should be. Expect is also useful for testing these same applications. And by adding Tk, you can also wrap interactive applications in X11 GUIs. An interpreted language provides branching and high-level control	https://www.kali.org/tools/expect/
exploitdb	exploitdb	exploitation	资源开发	exploitdb,exploitdb,searchsploit	Searchable Exploit Database archive Searchable archive from The Exploit Database. https://www.exploit-db.com/	https://www.kali.org/tools/exploitdb/
exploitdb-bin-sploits	exploitdb-bin-sploits	utils		exploitdb-bin-sploits,exploitdb-bin-sploit	The Exploit Database’s archive of binary exploits Searchable binary exploits from The Exploit Database. https://www.exploit-db.com	https://www.kali.org/tools/exploitdb-bin-sploits/
exploitdb-papers	exploitdb-papers	utils	资源开发	exploitdb-papers,exploitdb-papers	The Exploit Database’s archive of papers & ezines Searchable papers & ezines archives from The Exploit Database. https://www.exploit-db.com/papers	https://www.kali.org/tools/exploitdb-papers/
ext3grep	ext3grep	forensics	数字取证	ext3grep,ext3grep	Tool to help recover deleted files on ext3 filesystems ext3grep is a simple tool intended to aid anyone who accidentally deletes a file on an ext3 filesystem, only to find that they wanted it shortly thereafter. This package is useful in forensics investigations.	https://www.kali.org/tools/ext3grep/
ext4magic	ext4magic	forensics	数字取证	ext4magic,ext4magic	Recover deleted files from ext3 or ext4 partitions ext4magic is a file carver (or file carving). It can be used when recovering from disasters or in digital forensics activities. The deletion of files in ext3/4 filesystems can not be easily reversed. Zero out of the block references in the inodes makes that impossible. Experiences with other programs have proved that is possible restore sufficient information	https://www.kali.org/tools/ext4magic/
extundelete	extundelete	forensics	数字取证	extundelete,extundelete	Utility to recover deleted files from ext3/ext4 partition extundelete uses the information stored in the partition’s journal to attempt to recover a file that has been deleted. There is no guarantee that any particular file will be able to be undeleted.	https://www.kali.org/tools/extundelete/
eyewitness	eyewitness	information-gathering	服务与其它工具	eyewitness,eyewitness,geckodriver	Rapid web application triage tool EyeWitness is designed to take screenshots of websites, provide some server header info, and identify default credentials if possible. Inspiration came from Tim Tomes’s PeepingTom Script. EyeWitness is designed to run on Kali Linux. It will auto detect the file you give it with the -f flag as either being a text file with URLs on each new	https://www.kali.org/tools/eyewitness/
faraday-agent-dispatcher	faraday-agent-dispatcher	utils		faraday-agent-dispatcher,faraday-dispatcher	Helper to develop integrations with Faraday (Python 3) This package contains Faraday Agents Dispatcher. It helps user develop integrations with Faraday written in any language. This package installs the library for Python 3.	https://www.kali.org/tools/faraday-agent-dispatcher/
faraday-cli	faraday-cli	utils		faraday-cli,faraday-cli	Faraday on the terminal This package contains the official client that make automating your security workflows, easier.	https://www.kali.org/tools/faraday-cli/
fatcat	fatcat	utils		fatcat,fatcat	FAT filesystem explore, extract, repair, and forensic tool fatcat is a tool to explore, extract, repair and forensic FAT filesystem. Its features: - Get information about FAT filesystem; - Explore FAT file system; - Read file or extract directories;	https://www.kali.org/tools/fatcat/
fcrackzip	fcrackzip	passwords	凭据访问	fcrackzip,fcrackzip,fcrackzipinfo	Password cracker for zip archives fcrackzip is a fast password cracker partly written in assembler. It is able to crack password protected zip files with brute force or dictionary based attacks, optionally testing with unzip its results. It can also crack cpmask’ed images. This package is useful for pentesters, ethical hackers and forensics	https://www.kali.org/tools/fcrackzip/
fern-wifi-cracker	fern-wifi-cracker	wireless	凭据访问	fern-wifi-cracker,fern-wifi-cracker	Automated Wi-Fi cracker This package contains a Wireless security auditing and attack software program written using the Python Programming Language and the Python Qt GUI library, the program is able to crack and recover WEP/WPA/WPS keys and also run other network based attacks on wireless or	https://www.kali.org/tools/fern-wifi-cracker/
feroxbuster	feroxbuster	information-gathering	侦察	feroxbuster,feroxbuster	Fast, simple, recursive content discovery tool written in Rust feroxbuster is a tool designed to perform Forced Browsing. Forced browsing is an attack where the aim is to enumerate and access resources that are not referenced by the web application, but are still accessible by an attacker. feroxbuster uses brute force combined with a wordlist to search	https://www.kali.org/tools/feroxbuster/
ferret-sidejack	ferret-sidejack	web	收集	ferret-sidejack,ferret-sidejack	Monitors data and extracts interesting data This tool extracts interesting bits from network traffic. One use is to feed the “hamster” tool. Another use is to dump the output intoa text file, then use indexers and grep programs to analyze it.	https://www.kali.org/tools/ferret-sidejack/
ffuf	ffuf	utils	侦察	ffuf,ffuf	Fast web fuzzer written in Go (program) ffuf is a fast web fuzzer written in Go that allows typical directory discovery, virtual host discovery (without DNS records) and GET and POST parameter fuzzing. This program is useful for pentesters, ethical hackers and forensics experts. It also can be used for security tests.	https://www.kali.org/tools/ffuf/
fierce	fierce	information-gathering	发现	fierce,fierce	Domain DNS scanner Fierce is a semi-lightweight scanner that helps locate non-contiguous IP space and hostnames against specified domains. It’s really meant as a pre-cursor to nmap, unicornscan, nessus, nikto, etc, since all of those require that you already know what IP space you are looking for. This does not perform exploitation and does not scan the whole internet	https://www.kali.org/tools/fierce/
fiked	fiked	sniffing-spoofing	收集	fiked,fiked	Cisco VPN attack tool FakeIKEd, or fiked for short, is a fake IKE daemon supporting just enough of the standards and Cisco extensions to attack commonly found insecure Cisco VPN PSK+XAUTH based IPsec authentication setups in what could be described as a semi MitM attack. Fiked can impersonate a	https://www.kali.org/tools/fiked/
finalrecon	finalrecon	utils	侦察	finalrecon,finalrecon	Fast and simple Python script for web reconnaissance A fast and simple Python script for web reconnaissance that follows a modular structure and provides detailed information on various areas.	https://www.kali.org/tools/finalrecon/
findomain	findomain	utils	侦察	findomain,findomain	Fastest and most complete solution for domain recognition Findomain is fastest and most complete solution for domain recognition. It supports screenshoting, port scanning, HTTP checks, data imports from other tools, subdomain monitoring, alerts via Discord, Slack & Telegram, multiple API Keys for sourcing and much more.	https://www.kali.org/tools/findomain/
firefox-developer-edition-kbx	firefox-developer-edition-kbx	utils		firefox-developer-edition-en-us-kbx,firefox-developer-edition-en-us-kbx	Mozilla Firefox web browser - Developer Edition - en-US Firefox is a powerful, extensible web browser with support for modern web application technologies. This is the Developer Edition, running in a container with help from kaboxer, localized for en-US	https://www.kali.org/tools/firefox-developer-edition-kbx/
firewalk	firewalk	information-gathering	发现	firewalk,firewalk	Active reconnaissance network security tool Firewalk is an active reconnaissance network security tool that attempts to determine what layer 4 protocols a given IP forwarding device will pass. It works by sending out TCP or UDP packets with a TTL one hop greater than the targeted gateway. If the gateway allows the traffic, it will forward the packets to the next hop where they will expire and elicit an ICMP_TIME_EXCEEDED	https://www.kali.org/tools/firewalk/
firmware-mod-kit	firmware-mod-kit	forensics		firmware-mod-kit	Deconstruct and reconstruct firmware images The Firmware Mod Kit allows for easy deconstruction and reconstruction of firmware images for various embedded devices. While it primarily targets Linux based routers, it should be compatible with most firmware that makes use of common firmware formats and file systems such as TRX/uImage and SquashFS/CramFS.	https://www.kali.org/tools/firmware-mod-kit/
flashrom	flashrom	hardware		flashrom,flashrom,libflashrom-dev,libflashrom1	Identify, read, write, erase, and verify BIOS/ROM/flash chips flashrom is a tool for identifying, reading, writing, verifying and erasing flash chips. It’s often used to flash BIOS/EFI/coreboot/firmware/optionROM images in-system using a supported mainboard, but it also supports flashing of network cards (NICs), SATA controller cards, and other external devices which can program flash chips.	https://www.kali.org/tools/flashrom/
fluxion	fluxion	utils	收集	fluxion,fluxion	Security auditing and social-engineering research tool Fluxion is a security auditing and social-engineering research tool. It is a remake of linset by vk496 with (hopefully) fewer bugs and more functionality. The script attempts to retrieve the WPA/WPA2 key from a target access point by means of a social engineering (phishing) attack. It’s compatible with the latest release of Kali (rolling). Fluxion’s attacks’ setup is mostly manual,	https://www.kali.org/tools/fluxion/
foremost	foremost	forensics	数字取证	foremost,foremost	Forensic program to recover lost files Foremost is a forensic program to recover lost files based on their headers, footers, and internal data structures. Foremost can work on image files, such as those generated by dd, Safeback, Encase, etc, or directly on a drive. The headers and footers can be specified by a configuration file or you can use	https://www.kali.org/tools/foremost/
forensic-artifacts	forensic-artifacts	forensics		forensic-artifacts,python3-artifacts	Knowledge base of forensic artifacts (data files) A free, community-sourced, machine-readable knowledge base of forensic artifacts that the world can use both as an information source and within other tools. This package installs the data files alone, without the Python toolkit.	https://www.kali.org/tools/forensic-artifacts/
forensics-colorize	forensics-colorize	forensics		forensics-colorize,colorize,filecompare	Show differences between files using color graphics forensics-colorize is a set of tools to visually compare large files, as filesystem images, creating graphics of them. It is intuitive because the produced graphics provide a quick and perfect sense about the percentage of changes between two files. Comparing large textual files using a simple diff can produce a very big	https://www.kali.org/tools/forensics-colorize/
fping	fping	information-gathering	发现	fping,fping,fping6	Sends ICMP ECHO_REQUEST packets to network hosts fping is a ping like program which uses the Internet Control Message Protocol (ICMP) echo request to determine if a target host is responding. fping differs from ping in that you can specify any number of targets on the command line, or specify a file containing the lists of targets to ping. Instead of sending to one target until it times out or replies, fping will send out a	https://www.kali.org/tools/fping/
fragrouter	fragrouter	information-gathering	防御规避	fragrouter,fragrouter	IDS evasion toolkit Fragrouter is a network intrusion detection evasion toolkit.	https://www.kali.org/tools/fragrouter/
framework2	framework2	utils		framework2,framework2	Metasploit Framework 2 Version 2 of the Metasploit Framework. No longer updated but still useful, particularly for shellcode.	https://www.kali.org/tools/framework2/
freeradius	freeradius	utils	凭据访问	freeradius,checkrad,freeradius,rad_counter,raddebug,radmin,rlm_sqlippool_tool,freeradius-common,freeradius-config,freeradius-dhcp,freeradius-iodbc,freeradius-krb5,freeradius-ldap,freeradius-memcached,freeradius-mysql,freeradius-postgresql,freeradius-python3,freeradius-redis,freeradius-rest,freeradius-utils,radclient,radconf2json,radcrypt,raddict2json,radeapclient,radlast,radmod2json,radsecret,radsniff,radsqlrelay,radtest,radwho,radzap,rlm_ippool_tool,smbencrypt,freeradius-yubikey,libfreeradius-dev,libfreeradius3	High-performance and highly configurable RADIUS server FreeRADIUS is a high-performance RADIUS server with support for: Authentication by local files, SQL, Kerberos, LDAP, PAM, and more. Powerful policy configuration language. Proxying and replicating requests by any criteria. Support for many EAP types; TLS, PEAP, TTLS, etc.	https://www.kali.org/tools/freeradius/
freeradius-wpe	freeradius-wpe	wireless		freeradius-wpe,freeradius-wpe	FreeRadius Wireless Pawn Edition This package is FreeRadius Wireless Pawn Edition. There are supported and tested EAP Types/Inner Authentication Methods (others may also work): PEAP/PAP (OTP) PEAP/MSCHAPv2	https://www.kali.org/tools/freeradius-wpe/
freerdp3	freerdp3	information-gathering	防御规避	freerdp-proxy,freerdp-proxy,freerdp-proxy-modules,freerdp-sdl,sdl-freerdp,freerdp-shadow-x11,freerdp-shadow-cli,freerdp-wayland,wlfreerdp,freerdp-x11,xfreerdp,freerdp3-dev,freerdp3-proxy,freerdp-proxy3,freerdp3-proxy-modules,freerdp3-sdl,sdl-freerdp3,freerdp3-shadow-x11,freerdp-shadow-cli3,freerdp3-wayland,wlfreerdp3,freerdp3-x11,xfreerdp3,libfreerdp-client3-3,libfreerdp-server-proxy3-3,libfreerdp-server3-3,libfreerdp-shadow-subsystem3-3,libfreerdp-shadow3-3,libfreerdp3-3,libwinpr-tools3-3,libwinpr3-3,libwinpr3-dev,winpr-utils,winpr-hash,winpr-makecert,winpr3-utils,winpr-hash3,winpr-makecert3	FreeRDP proxy server FreeRDP is a libre client/server implementation of the Remote Desktop Protocol (RDP). This package contains the proxy server that can be used as man in the middle proxy for RDP connections.	https://www.kali.org/tools/freerdp3/
ftester	ftester	information-gathering	防御规避	ftester,freport,ftest,ftestd	Tool for testing firewalls and Intrusion Detection System (IDS) The Firewall Tester (FTester) is a tool designed for testing firewall filtering policies and Intrusion Detection System (IDS) capabilities. Features: firewall testing IDS testing	https://www.kali.org/tools/ftester/
fwbuilder	fwbuilder	protect		fwbuilder,fwb_compile_all,fwb_iosacl,fwb_ipf,fwb_ipfw,fwb_ipt,fwb_pf,fwb_pix,fwb_procurve_acl,fwbedit,fwbuilder,fwbuilder-common,fwbuilder-doc	Firewall administration tool GUI Firewall Builder consists of an object-oriented GUI and a set of policy compilers for various firewall platforms. In Firewall Builder, firewall policy is a set of rules, each rule consists of abstract objects which represent real network objects and services (hosts, routers, firewalls, networks, protocols). Firewall Builder helps the user maintain a database	https://www.kali.org/tools/fwbuilder/
galleta	galleta	forensics	数字取证	galleta,galleta	Internet Explorer cookie forensic analysis tool Galleta is a forensics tool that examines the content of cookie files produced by Microsoft Internet Explorer (MSIE). It parses the file and outputs a field separated that can be loaded in a spreadsheet.	https://www.kali.org/tools/galleta/
gdb	gdb	forensics	资源开发	gdb,gcore,gdb,gdb-add-index,gdbtui,gstack,gdb-minimal,gdb-multiarch,gdb-multiarch,gdb-source,gdbserver,gdbserver	GNU Debugger GDB is a source-level debugger, capable of breaking programs at any specific line, displaying variable values, and determining where errors occurred. Currently, gdb supports C, C++, D, Objective-C, Fortran, Java, OpenCL C, Pascal, assembly, Modula-2, Go, and Ada. A must-have for any serious programmer.	https://www.kali.org/tools/gdb/
gdb-peda	gdb-peda	utils		gdb-peda	Python Exploit Development Assistance for GDB This package contains a Python GDB script with many handy commands to help speed up exploit development process on Linux/Unix. It is also a framework for writing custom interactive Python GDB commands.	https://www.kali.org/tools/gdb-peda/
gdisk	gdisk	utils		gdisk,cgdisk,fixparts,gdisk,sgdisk	GPT fdisk text-mode partitioning tool GPT fdisk (aka gdisk) is a text-mode partitioning tool that provides utilities for Globally Unique Identifier (GUID) Partition Table (GPT) disks. Features: Edit GUID partition table definitions	https://www.kali.org/tools/gdisk/
gef	gef	utils	资源开发	gef,gef	Modern experience for GDB with advanced debugging capabilities GEF is a set of commands for x86/64, ARM, MIPS, PowerPC and SPARC to assist exploit developers and reverse-engineers when using old school GDB. It provides additional features to GDB using the Python API to assist during the process of dynamic analysis and exploit development. Application developers will also benefit from it, as GEF lifts a great part of regular GDB obscurity,	https://www.kali.org/tools/gef/
gemini-cli	gemini-cli	utils	服务与其它工具	gemini-cli,gemini-cli	Open-source AI agent This package contains an open-source AI agent that brings the power of Gemini directly into your terminal. It provides lightweight access to Gemini, giving you the most direct path from your prompt to the model.	https://www.kali.org/tools/gemini-cli/
getallurls	getallurls	utils		getallurls,getallurls	Fetch known URLs from AlienVault’s Open Threat Exchange (gau) This package contains getallurls (gau). It fetches known URLs from AlienVault’s Open Threat Exchange ( https://otx.alienvault.com ), the Wayback Machine, and Common Crawl for any given domain. Inspired by Tomnomnom’s	https://www.kali.org/tools/getallurls/
getsploit	getsploit	utils		getsploit,getsploit	Command line utility for searching and downloading exploits Inspired by searchsploit, getsploit combines two features: command line search and download. It allows you to search online for the exploits across all the most popular collections, including (but not limited to): - Exploit-DB,	https://www.kali.org/tools/getsploit/
ghidra	ghidra	respond	资源开发	ghidra,ghidra	Software Reverse Engineering Framework This package contains a software reverse engineering (SRE) framework created and maintained by the National Security Agency Research Directorate. This framework includes a suite of full-featured, high-end software analysis tools that enable users to analyze compiled code on a variety of platforms including Windows, macOS, and Linux. Capabilities include disassembly, assembly,	https://www.kali.org/tools/ghidra/
git	git	information-gathering		git,git,git-receive-pack,git-shell,git-upload-archive,git-upload-pack,scalar,git-all,git-cvs,git-cvsserver,git-doc,git-email,git-gui,git-man,git-svn,gitk,gitk,gitweb	Fast, scalable, distributed revision control system Git is popular version control system designed to handle very large projects with speed and efficiency; it is used for many high profile open source projects, most notably the Linux kernel. Git falls in the category of distributed source code management tools. Every Git working directory is a full-fledged repository with full	https://www.kali.org/tools/git/
gitleaks	gitleaks	utils		gitleaks,gitleaks,golang-github-gitleaks-gitleaks-dev	Protect and discover secrets using Gitleaks 🔑 (program) Gitleaks is a SAST tool for detecting and preventing hardcoded	https://www.kali.org/tools/gitleaks/
gitxray	gitxray	utils	凭据访问	gitxray,gitxray	Scan GitHub repositories and contributors to collect data Gitxray (short for Git X-Ray) is a multifaceted security tool designed for use on GitHub repositories. It can serve many purposes, including OSINT and Forensics. gitxray leverages public GitHub REST APIs to gather information that would otherwise be very time-consuming to obtain manually. Additionally, it seeks out information in unconventional places.	https://www.kali.org/tools/gitxray/
glibc	glibc	information-gathering		glibc-doc,glibc-source,libc-bin,getconf,getent,iconv,iconvconfig,ld.so,ldconfig,ldd,locale,localedef,pldd,tzselect,zdump,zic,libc-dev-bin,gencat,libc-devtools,memusage,memusagestat,mtrace,sotruss,sprof,libc-gconv-modules-extra,libc-l10n,libc0.3,libc0.3-dbg,libc0.3-dev,libc0.3-udeb,libc6,libc6-amd64,libc6-dbg,libc6-dev,libc6-dev-amd64,libc6-dev-i386,libc6-dev-mips32,libc6-dev-mips64,libc6-dev-mipsn32,libc6-dev-powerpc,libc6-dev-ppc64,libc6-dev-sparc,libc6-dev-sparc64,libc6-dev-x32,libc6-i386,libc6-mips32,libc6-mips64,libc6-mipsn32,libc6-powerpc,libc6-ppc64,libc6-sparc,libc6-sparc64,libc6-udeb,libc6-x32,libc6.1,libc6.1-dbg,libc6.1-dev,libc6.1-udeb,locales,locale-gen,update-locale,validlocale,locales-all,nscd,nscd,nscd	GNU C Library: Documentation Contains the complete GNU C Library ChangeLog. The GNU C Library Reference manual has been moved into glibc-doc-reference for licensing reasons.	https://www.kali.org/tools/glibc/
gnuradio	gnuradio	wireless	侦察	gnuradio,dial_tone,display_qt,gnuradio-companion,gnuradio-config-info,gr-ctrlport-monitor,gr-perf-monitorx,gr_filter_design,gr_modtool,gr_plot,gr_plot_const,gr_plot_fft,gr_plot_iq,gr_plot_psd,gr_plot_qt,gr_read_file_metadata,grcc,polar_channel_construction,tags_demo,uhd_fft,uhd_rx_cfile,uhd_rx_nogui,uhd_siggen,uhd_siggen_gui,gnuradio-dev,gnuradio-doc,libgnuradio-analog3.10.12,libgnuradio-audio3.10.12,libgnuradio-blocks3.10.12,libgnuradio-channels3.10.12,libgnuradio-digital3.10.12,libgnuradio-dtv3.10.12,libgnuradio-fec3.10.12,libgnuradio-fft3.10.12,libgnuradio-filter3.10.12,libgnuradio-iio3.10.12,libgnuradio-network3.10.12,libgnuradio-pdu3.10.12,libgnuradio-pmt3.10.12,libgnuradio-qtgui3.10.12,libgnuradio-runtime3.10.12,libgnuradio-soapy3.10.12,libgnuradio-trellis3.10.12,libgnuradio-uhd3.10.12,libgnuradio-video-sdl3.10.12,libgnuradio-vocoder3.10.12,libgnuradio-wavelet3.10.12,libgnuradio-zeromq3.10.12	GNU Radio Software Radio Toolkit GNU Radio provides signal processing blocks to implement software radios. It can be used with readily-available low-cost external RF hardware to create software-defined radios, or without hardware in a simulation-like environment. It is widely used in hobbyist, academic and commercial environments to support both wireless communications	https://www.kali.org/tools/gnuradio/
gobuster	gobuster	utils	侦察	gobuster,gobuster	High-performance discovery tool for directories, DNS and cloud storage Gobuster is a high-performance tool used to brute-force and discover: URIs (directories and files) in web sites DNS subdomains (with wildcard support) Virtual Host names on target web servers Open Amazon S3 and Google Cloud Storage (GCS) buckets	https://www.kali.org/tools/gobuster/
godoh	godoh	utils		godoh,godoh	DNS-over-HTTPS Command & Control Proof of Concept This package contains a proof of concept Command and Control framework, written in Golang, that uses DNS-over-HTTPS as a transport medium. Currently supported providers include Google, Cloudflare but also contains the ability to use traditional DNS.	https://www.kali.org/tools/godoh/
golang-github-binject-go-donut	golang-github-binject-go-donut	utils		golang-github-binject-go-donut,go-donut,golang-github-binject-go-donut-dev	Donut Injector in Go This package contains the Donut Injector ported to pure Go. This package provides the binary file go-donut generated by github-binject-go-donut.	https://www.kali.org/tools/golang-github-binject-go-donut/
goldeneye	goldeneye	utils	影响	goldeneye,goldeneye	HTTP DoS test tool GoldenEye is a HTTP DoS Test Tool. This tool can be used to test if a site is susceptible to Deny of Service (DoS) attacks. Is possible to open several parallel connections against a URL to check if the web server can be compromised. The program tests the security in networks and uses ‘HTTP Keep Alive	https://www.kali.org/tools/goldeneye/
goofile	goofile	utils		goofile,goofile	Command line filetype search Use this tool to search for a specific file type in a given domain.	https://www.kali.org/tools/goofile/
google-nexus-tools	google-nexus-tools	utils		google-nexus-tools,nexus-adb,nexus-fastboot	ADB and Fastboot for use with Nexus devices Nexus Tools is an installer for the Android debug/development command-line tools ADB (Android Device Bridge) and Fastboot for Mac OS X, Linux, and Google Chrome/Chromium OS.	https://www.kali.org/tools/google-nexus-tools/
gophish	gophish	utils	初始访问	gophish,gophish,gophish-start,gophish-stop	Open-Source Phishing Toolkit This package contains an open-source phishing toolkit designed for businesses and penetration testers. It provides the ability to quickly and easily setup and execute phishing engagements and security awareness training.	https://www.kali.org/tools/gophish/
goshs	goshs	utils	数据外泄	goshs,goshs	SimpleHTTPServer written in Go This tool provides a SimpleHTTPServer written in Go, enhanced with features and security. This package contains a simple http server like the Python SimpleHTTPServer but enhanced with a lot of helpful features and security in mind.	https://www.kali.org/tools/goshs/
gospider	gospider	utils	侦察	gospider,gospider	Fast web spider written in Go This package contains a Fast web spider written in Go. The features are: - Fast web crawling - Brute force and parse sitemap.xml - Parse robots.txt - Generate and verify link from JavaScript files	https://www.kali.org/tools/gospider/
gowitness	gowitness	utils		gowitness,gowitness	Web screenshot utility using Chrome Headless gowitness is a website screenshot utility written in Golang, that uses Chrome Headless to generate screenshots of web interfaces using the command line, with a handy report viewer to process results. Both Linux and macOS is supported, with Windows support mostly working. Inspiration for gowitness comes from Eyewitness. If you are looking for	https://www.kali.org/tools/gowitness/
gpart	gpart	forensics		gpart,gpart	Guess PC disk partition table, find lost partitions Gpart is a tool which tries to guess the primary partition table of a PC-type disk in case the primary partition table in sector 0 is damaged, incorrect or deleted. It is also good at finding and listing the types, locations, and sizes of inadvertently-deleted partitions, both primary and logical. It gives you the	https://www.kali.org/tools/gpart/
gparted	gparted	forensics		gparted,gparted,gparted-common	GNOME partition editor GParted uses libparted to detect and manipulate devices and partition tables while several (optional) filesystem tools provide support for filesystems not included in libparted.	https://www.kali.org/tools/gparted/
gpp-decrypt	gpp-decrypt	passwords		gpp-decrypt,gpp-decrypt	Group Policy Preferences decrypter A simple ruby script that will decrypt a given GPP encrypted string.	https://www.kali.org/tools/gpp-decrypt/
gqrx-sdr	gqrx-sdr	wireless	侦察	gqrx-sdr,gqrx	Software defined radio receiver Gqrx works with hardware supported by gr-osmosdr, including Funcube Dongle, RTL-SDR, Airspy, HackRF, BladeRF, RFSpace, USRP and SoapySDR. Gqrx can operate as an AM/FM/SSB receiver with audio output or as an FFT-only instrument. The built-in Gqrx AFSK1200 decoder can decode and display AX.25 packets. There are also various hooks for	https://www.kali.org/tools/gqrx-sdr/
gr-air-modes	gr-air-modes	wireless		gr-air-modes,modes_rx,libgnuradio-air-modes1t64	Gnuradio Mode-S/ADS-B radio A software-defined radio receiver for Mode S transponder signals, including ADS-B reports from equipped aircraft. Multiple output formats are supported: Raw (or minimally processed) output of packet data Parsed text	https://www.kali.org/tools/gr-air-modes/
gr-iqbal	gr-iqbal	wireless		gr-iqbal,libgnuradio-iqbalance3.9.0	GNU Radio Blind IQ imbalance estimator and correction The general idea is to suppress symmetrical images caused by IQ imbalance in the RX path of quadrature receivers. It’s composed of two subblocks: “IQ Bal Fix”: This applies the actual correction. to a complex stream. The correction parameters are only magnitude/phase and the	https://www.kali.org/tools/gr-iqbal/
gr-osmosdr	gr-osmosdr	wireless		gr-osmosdr,osmocom_fft,osmocom_siggen_nogui,gr-osmosdr-doc,libgnuradio-osmosdr0.2.0t64	GNU Radio blocks from the OsmoSDR project The Osmocom project is a family of projects regarding Open source mobile communications. While primarily being developed for the OsmoSDR hardware, this block as well supports: FUNcube Dongle through gr-funcube	https://www.kali.org/tools/gr-osmosdr/
graudit	graudit	utils		graudit,graudit	Grep rough audit - source code auditing tool This is a simple script and signature sets that allows you to find potential security flaws in source code using the GNU utility grep. It’s comparable to other static analysis applications like RATS, SWAAT and flaw-finder while keeping the technical requirements to a minimum and being very flexible.	https://www.kali.org/tools/graudit/
grokevt	grokevt	forensics	数字取证	grokevt,grokevt-addlog,grokevt-builddb,grokevt-dumpmsgs,grokevt-findlogs,grokevt-parselog,grokevt-ripdll	Scripts for reading Microsoft Windows event log files GrokEVT is a collection of scripts built for reading Microsoft Windows NT/2000/XP/2003 event log files. Currently the scripts work together on one or more mounted Microsoft Windows partitions to extract all information needed (registry entries, message templates, and log files) to convert the logs to a human-readable format.	https://www.kali.org/tools/grokevt/
gsocket	gsocket	utils		gsocket,blitz,gs-mount,gs-netcat,gs-sftp,gsocket	Allows two machines on different networks to communicate with each other Abandon the thought of IP Addresses and Port Numbers. Instead start thinking that two programs should be able to communicate with each other as long as they know the same secret (rather than each other’s IP Address and Port Number). The Global Socket library facilitates this: It locally derives temporary session keys and IDs and connects two programs through the Global	https://www.kali.org/tools/gsocket/
gss-ntlmssp	gss-ntlmssp	utils		gss-ntlmssp,gss-ntlmssp-dev	GSSAPI NTLMSSP Mechanism – MIT GSSAPI plugin GSS-NTLMSSP is a GSSAPI mechanism plugin that implements NTLMSSP. NTLMSSP is a Microsoft Security Provider that implements various versions and falvors of the NTLM challenge-response family. GSS-NTLMSSP, implements both NTLM and NTLMv2 and all the various security variants to the key exchange that Microsoft introduced and	https://www.kali.org/tools/gss-ntlmssp/
gtkhash	gtkhash	utils		caja-gtkhash,gtkhash,gtkhash,nemo-gtkhash,thunar-gtkhash	libb2-1 libc6 libcaja-extension1 libgcrypt20 libglib2.0-0t64 libgtk-3-0t64	https://www.kali.org/tools/gtkhash/
guymager	guymager	forensics	数字取证	guymager,guymager	Forensic imaging tool based on Qt The forensic imager contained in this package, guymager, was designed to support different image file formats, to be most user-friendly and to run really fast. It has a high speed multi-threaded engine using parallel compression for best performance on multi-processor and hyper-threading machines.	https://www.kali.org/tools/guymager/
gvm	gvm	vulnerability	侦察	gvm,gvm-check-setup,gvm-setup,gvm-start,gvm-stop	Remote network security auditor - metapackage and useful scripts The Greenbone Vulnerability Manager is a modular security auditing tool, used for testing remote systems for vulnerabilities that should be fixed. This package installs all the required packages. It provides scripts to setup, start and stop the GVM services. The tool was previously named OpenVAS.	https://www.kali.org/tools/gvm/
h8mail	h8mail	utils		h8mail,h8mail	Email open source intelligence and breach hunting tool This package contains an email OSINT and breach hunting tool using different breach and reconnaissance services, or local breaches such as Troy Hunt’s “Collection1” and the infamous “Breach Compilation” torrent.	https://www.kali.org/tools/h8mail/
hackrf	hackrf	wireless	侦察	hackrf,hackrf_biast,hackrf_clock,hackrf_cpldjtag,hackrf_debug,hackrf_info,hackrf_operacake,hackrf_spiflash,hackrf_sweep,hackrf_transfer,hackrf-doc,hackrf-firmware,libhackrf-dev,libhackrf0	Software defined radio peripheral - utilities HackRF is an open source Software Defined Radio that can receive and transmit between 30 MHz and 6 GHz. HackRF has a 20 MHz bandwidth. It is a High Speed USB device powered by the USB bus. This package contains a set of command line utilities: hackrf_clock: HackRF clock configuration utility	https://www.kali.org/tools/hackrf/
hak5-wifi-coconut	hak5-wifi-coconut	utils		hak5-wifi-coconut,wifi_coconut	Userspace driver for the Hak5 Wi-Fi Coconut Userspace drive for USB Wi-Fi NICs and the Hak5 Wi-Fi Coconut	https://www.kali.org/tools/hak5-wifi-coconut/
hakrawler	hakrawler	web		hakrawler,hakrawler	Web crawler designed for easy, quick discovery of endpoints and assets Fast golang web crawler for gathering URLs and JavaSript file locations. This is basically a simple implementation of the awesome Gocolly library.	https://www.kali.org/tools/hakrawler/
hamster-sidejack	hamster-sidejack	web	收集	hamster-sidejack,hamster-sidejack	Sidejacking tool Hamster is tool or “sidejacking”. It acts as a proxy server that replaces your cookies with session cookies stolen from somebody else, allowing you to hijack their sessions. Cookies are sniffed using the Ferret program. You need a copy of that as well.	https://www.kali.org/tools/hamster-sidejack/
hash-identifier	hash-identifier	passwords	凭据访问	hash-identifier,hash-identifier	Tool to identify hash types Software to identify the different types of hashes used to encrypt data and especially passwords.	https://www.kali.org/tools/hash-identifier/
hashcat	hashcat	passwords	凭据访问	hashcat,hashcat,hashcat-data	World’s fastest and most advanced password recovery utility Hashcat supports five unique modes of attack for over 300 highly-optimized hashing algorithms. hashcat currently supports CPUs, GPUs, and other hardware accelerators on Linux, and has facilities to help enable distributed password cracking. Examples of hashcat supported hashing algorithms are:	https://www.kali.org/tools/hashcat/
hashcat-utils	hashcat-utils	passwords		hashcat-utils	Set of small utilities for advanced password cracking Hashcat-utils are a set of small utilities that are useful in advanced password cracking. They all are packed into multiple stand-alone binaries. All of these utils are designed to execute only one specific function.	https://www.kali.org/tools/hashcat-utils/
hashdeep	hashdeep	forensics	数字取证	hashdeep,hashdeep,md5deep,sha1deep,sha256deep,tigerdeep,whirlpooldeep	Recursively compute hashsums or piecewise hashings hashdeep is a set of tools to compute MD5, SHA1, SHA256, tiger and whirlpool hashsums of arbitrary number of files recursively. The main hashdeep features are: It can compare those hashsums with a list of known hashes; The tools can display those that match the list or those that	https://www.kali.org/tools/hashdeep/
hashid	hashid	passwords	凭据访问	hashid,hashid	Identify the different types of hashes used to encrypt data Identify the different types of hashes used to encrypt data and especially passwords. hashID is a tool written in Python 3.x which supports the identification of over 175 unique hash types using regular expressions. It is able to identify a single hash or parse a file and identify the hashes	https://www.kali.org/tools/hashid/
hashrat	hashrat	respond		hashrat,hashrat	Hashing tool supporting several hashes and recursivity Hashrat is a hash-generation utility that supports the md5, sha1, sha256, sha512, whirlpool, jh-244, jh256, jh-384 and jh-512 hash functions, and also the HMAC versions of those functions. It can output in ’traditional' format (same as md5sum and shasum and the like), or it’s own format. Hashes can be output in octal, decimal, hexadecimal, uppercase hexadecimal	https://www.kali.org/tools/hashrat/
havoc	havoc	utils	命令与控制	havoc,havoc	Modern and malleable post-exploitation C2 framework Havoc is a modern, malleable post-exploitation command and control framework made for penetration testers, red teams, and blue teams.	https://www.kali.org/tools/havoc/
hb-honeypot	hb-honeypot	identify		hb-honeypot,hb-honeypot,hb_honeypot.pl	Heartbleed Honeypot Script This Perl script listens on TCP port 443 and responds with completely bogus SSL heartbeat responses, unless it detects the start of a byte pattern similar to that used in Jared Stafford’s ( [email protected] ) demo for	https://www.kali.org/tools/hb-honeypot/
hcxtools	hcxtools	utils		hcxtools,hcxeiutool,hcxhash2cap,hcxhashtool,hcxpcapngtool,hcxpmktool,hcxpottool,hcxpsktool,hcxwltool,whoismac,wlancap2wpasec	Tools for converting captures to use with hashcat or John the Ripper Portable solution for capturing wlan traffic and conversion to hashcat formats (recommended by hashcat) and to John the Ripper formats. hcx stands for: h = hash c = capture, convert and calculate candidates	https://www.kali.org/tools/hcxtools/
heartleech	heartleech	web	侦察	heartleech,heartleech	Scanner detecting systems vulnerable to the heartbleed OpenSSL bug This is a typical “heartbleed” tool. It can scan for systems vulnerable to the bug, and then be used to download them. Some important features: conclusive/inconclusive verdicts as to whether the target is vulnerable bulk/fast download of heartbleed data into a large files for offline processing using many threads	https://www.kali.org/tools/heartleech/
hekatomb	hekatomb	utils		hekatomb,hekatomb	Extract and decrypt all credentials from all domain computers Hekatomb is a Python script that connects to an LDAP directory to retrieve all computers and users’ information. From there, it will download all DPAPI blobs of all users from all computers and use Domain backup keys to decrypt them.	https://www.kali.org/tools/hekatomb/
hexinject	hexinject	sniffing-spoofing	发现	hexinject,hex2raw,hexinject,packets.tcl,prettypacket	Versatile packet injector and sniffer HexInject is a very versatile packet injector and sniffer, that provide a command-line framework for raw network access. It’s designed to work together with others command-line utilities, and for this reason it facilitates the creation	https://www.kali.org/tools/hexinject/
hexstrike-ai	hexstrike-ai	utils	服务与其它工具	hexstrike-ai,hexstrike_mcp,hexstrike_server	AI-Powered MCP Cybersecurity Automation Platform This package contains an HexStrike AI MCP v6.0 which features a multi-agent architecture with autonomous AI agents, intelligent decision-making, and vulnerability intelligence.	https://www.kali.org/tools/hexstrike-ai/
hexwalk	hexwalk	utils	数字取证	hexwalk,hexwalk	Hex analyzer, editor and viewer HexWalk is an Hex editor, viewer, analyzer based on opensource projects like qhexedit2, binwalk and QT It is cross platform and has plenty of features: Advanced find patterns in binary files based on HEX, UTF8, UTF16 and regex Binwalk integration	https://www.kali.org/tools/hexwalk/
hivex	hivex	forensics		libhivex-bin,hivexget,hivexml,hivexsh,libhivex-dev,libhivex-ocaml,libhivex-ocaml-dev,libhivex0,libwin-hivex-perl,hivexregedit,python3-hivex,ruby-hivex	Utilities for reading and writing Windows Registry hives libhivex is a self-contained library for reading and writing Windows Registry “hive” binary files. This package contains a few command line programs that utilize libhivex.	https://www.kali.org/tools/hivex/
hoaxshell	hoaxshell	utils	命令与控制	hoaxshell,hoaxshell	Windows reverse shell payload generator and handler that abuses http(s) Hoaxshell is a Windows reverse shell payload generator and handler that abuses the http(s) protocol to establish a beacon-like reverse shell	https://www.kali.org/tools/hoaxshell/
horst	horst	utils		horst,horst	Highly Optimized Radio Scanning Tool horst is a small, lightweight IEEE802.11 WLAN analyzer with a text interface. Its basic function is similar to tcpdump, Wireshark or Kismet, but it’s much smaller and shows different, aggregated information which is not easily available from other tools. It is made for debugging wireless LANs with a focus on getting a quick	https://www.kali.org/tools/horst/
hostapd-mana	hostapd-mana	utils		hostapd-mana,hostapd-mana,hostapd-mana_cli	Featureful rogue access point This package contains a eatureful rogue access point first presented at Defcon 22.	https://www.kali.org/tools/hostapd-mana/
hostapd-wpe	hostapd-wpe	wireless		hostapd-wpe,hostapd-wpe,hostapd-wpe_cli	Modified hostapd to facilitate AP impersonation attacks This package contains hostapd modified with hostapd-wpe.patch. It implements IEEE 802.1x Authenticator and Authentication Server impersonation attacks to obtain client credentials, establish connectivity to the client, and launch other attacks where applicable.	https://www.kali.org/tools/hostapd-wpe/
hosthunter	hosthunter	utils		hosthunter,hosthunter	Tool to discover and extract hostnames providing a set of target IP addresses This package contains a tool to efficiently discover and extract hostnames providing a large set of target IP addresses. HostHunter utilises simple OSINT techniques to map IP addresses with virtual hostnames. It generates a CSV or TXT file containing the results of the reconnaissance. Latest version of HostHunter also takes screenshots of the targets, it is	https://www.kali.org/tools/hosthunter/
hostsman	hostsman	utils		hostsman,hostsman	Cross-platform command line tool for handling hosts files cross-platform command line tool for adding, removing or listing mappings in hosts file.	https://www.kali.org/tools/hostsman/
hotpatch	hotpatch	utils		hotpatch,hotpatcher	Hot patches Linux executables with .so file injection Hotpatch is a library that can be used to dynamically load a shared library (.so) file on Linux from one process into another already running process, without affecting the execution of the target process. The API is a C API, but also supported in C++.	https://www.kali.org/tools/hotpatch/
hping3	hping3	information-gathering	发现	hping3,hping3	Active Network Smashing Tool hping3 is a network tool able to send custom ICMP/UDP/TCP packets and to display target replies like ping does with ICMP replies. It handles fragmentation and arbitrary packet body and size, and can be used to transfer files under supported protocols. Using hping3, you can test firewall rules, perform (spoofed) port scanning, test network	https://www.kali.org/tools/hping3/
htshells	htshells	utils		htshells,htshells	Self contained htaccess shells and attacks htshells is a series of web based attacks based around the .htaccess files. Most of the attacks are centered around two attack categories. Remote code/ command execution and information disclosure. These attacks are intended for use during penetration tests or security assessments. It was created to get shell in a CMS that restricted uploads based on extension and placed each	https://www.kali.org/tools/htshells/
httprint	httprint	web		httprint,httprint	Web server fingerprinting tool httprint is a web server fingerprinting tool. It relies on web server characteristics to accurately identify web servers, despite the fact that they may have been obfuscated by changing the server banner strings, or by plug-ins such as mod_security or servermask. httprint can also be used to detect web enabled devices which do not have a server banner string, such as wireless	https://www.kali.org/tools/httprint/
httprobe	httprobe	utils		httprobe,httprobe	Take a list of domains and probe for working HTTP and HTTPS servers This package contains a tool to test a domains list. It takes a list of domains and probe for working http and https servers.	https://www.kali.org/tools/httprobe/
httpx-toolkit	httpx-toolkit	information-gathering		httpx-toolkit,httpx-toolkit	Fast and multi-purpose HTTP toolkit This package contains the httpX toolkit developed by ProjectDiscovery. It’s a fast and multi-purpose HTTP toolkit allow to run multiple probers using retryablehttp library, it is designed to maintain the result reliability with increased threads. Features	https://www.kali.org/tools/httpx-toolkit/
httrack	httrack	web	收集	httrack,httrack,httrack-doc,libhttrack-dev,libhttrack3,proxytrack,proxytrack,webhttrack,htsserver,webhttrack,webhttrack-common	Copy websites to your computer (Offline browser) HTTrack is an offline browser utility, allowing you to download a World Wide website from the Internet to a local directory, building recursively all directories, getting html, images, and other files from the server to your computer. HTTrack arranges the original site’s relative link-structure. Simply	https://www.kali.org/tools/httrack/
hubble	hubble	utils		hubble,hubble	Network, Service & Security Observability for Kubernetes using eBPF (program) Hubble is a fully distributed networking and security observability platform for cloud native workloads. It is built on top of Cilium ( https://github.com/cilium/cilium ) and eBPF (	https://www.kali.org/tools/hubble/
humble	humble	utils		humble,humble	HTTP Headers Analyzer This package contains an humble, and fast, security-oriented HTTP headers analyzer.	https://www.kali.org/tools/humble/
hurl	hurl	utils		hurl	Hexadecimal & URL encoder + decoder This package contains a hexadecimal & URL (en/de)coder.	https://www.kali.org/tools/hurl/
hydra	hydra	information-gathering	凭据访问	hydra,dpl4hydra,hydra,hydra-wizard,pw-inspector,hydra-gtk,xhydra	Very fast network logon cracker Hydra is a parallelized login cracker which supports numerous protocols to attack. It is very fast and flexible, and new modules are easy to add. This tool makes it possible for researchers and security consultants to show how easy it would be to gain unauthorized access to a system remotely.	https://www.kali.org/tools/hydra/
hyperion	hyperion	windows-resources		hyperion	Runtime encrypter for 32-bit portable executables This package contains a runtime encrypter for 32-bit portable executables. It is a reference implementation and bases on the paper “Hyperion: Implementation of a PE-Crypter”. The paper describes the implementation details which aren’t in the scope of this readme file. The crypter is started via the command line and encrypts an input executable	https://www.kali.org/tools/hyperion/
i2c-tools	i2c-tools	utils		i2c-tools,ddcmon,decode-dimms,decode-edid,decode-vaio,i2c-stub-from-dump,i2cdetect,i2cdump,i2cget,i2cset,i2ctransfer,libi2c-dev,libi2c0,python3-smbus	Heterogeneous set of I2C tools for Linux This package contains a heterogeneous set of I2C tools for Linux: a bus probing tool, a chip dumper, register-level access helpers, EEPROM decoding scripts, and more.	https://www.kali.org/tools/i2c-tools/
iaxflood	iaxflood	vulnerability	影响	iaxflood,iaxflood	VoIP flooder tool A UDP Inter-Asterisk_eXchange (i.e. IAX) packet was captured from an IAX channel between two Asterisk IP PBX’s. The content of that packet is the source of the payload for the attack embodied by this tool. While the IAX protocol header might not match the Asterisk PBX you’ll attack with this	https://www.kali.org/tools/iaxflood/
ibombshell	ibombshell	utils		ibombshell,ibombshell	Dynamic Remote Shell This package contains a tool written in Powershell that allows you to have a prompt at any time with post-exploitation functionalities (and in some cases exploitation). It is a shell that is downloaded directly to memory providing access to a large number of pentesting features. These functionalities can be downloaded directly to memory, in the form of a Powershell function. This form	https://www.kali.org/tools/ibombshell/
ident-user-enum	ident-user-enum	utils		ident-user-enum,ident-user-enum	Query ident to determine the owner of a TCP network process This package is a simple PERL script to query the ident service (113/TCP) in order to determine the owner of the process listening on each TCP port of a target system. This can help to prioritise target service during a pentest (you might want to attack services running as root first).	https://www.kali.org/tools/ident-user-enum/
ifenslave	ifenslave	utils		ifenslave	Configure network interfaces for parallel routing (bonding) This is a tool to attach and detach slave network interfaces to a bonding device. A bonding device will act like a normal Ethernet network device to the kernel, but will send out the packets via the slave devices using a simple round-robin scheduler. This allows for simple load-balancing, identical to “channel bonding” or “trunking” techniques used in switches.	https://www.kali.org/tools/ifenslave/
ike-scan	ike-scan	information-gathering	发现	ike-scan,ike-scan,psk-crack	Discover and fingerprint IKE hosts (IPsec VPN Servers) ike-scan discovers IKE hosts and can also fingerprint them using the retransmission backoff pattern. ike-scan does two things: a) Discovery: Determine which hosts are running IKE. This is done by displaying those hosts which respond to the IKE requests	https://www.kali.org/tools/ike-scan/
imhex	imhex	utils		imhex,imhex,imhex-updater	Hex Editor for Reverse Engineers, Programmers This package contains a Hex Editor for Reverse Engineers, Programmers and people who value their retinas when working at 3 AM.	https://www.kali.org/tools/imhex/
impacket	impacket	information-gathering		python3-impacket,impacket-netview,impacket-rpcdump,impacket-samrdump,impacket-secretsdump,impacket-wmiexec	Python3 module to easily build and dissect network protocols Impacket is a collection of Python3 classes focused on providing access to network packets. Impacket allows Python3 developers to craft and decode network packets in simple and consistent manner. It includes support for low-level protocols such as IP, UDP and TCP, as well as higher-level protocols such as NMB and SMB.	https://www.kali.org/tools/impacket/
impacket-scripts	impacket-scripts	information-gathering	防御规避	impacket-scripts	Links to useful impacket scripts examples This package contains links to useful impacket scripts. It’s a separate package to keep impacket package from Debian and have the useful scripts in the path for Kali.	https://www.kali.org/tools/impacket-scripts/
inetsim	inetsim	forensics		inetsim,inetsim	Software suite for simulating common internet services INetSim is a software suite for simulating common internet services in a lab environment, e.g. for analyzing the network behaviour of unknown malware samples. INetSim supports simulation of the following services: HTTP, SMTP, POP3, DNS, FTP, NTP, TFTP, IRC, Ident, Finger, Syslog,	https://www.kali.org/tools/inetsim/
inspectrum	inspectrum	wireless		inspectrum,inspectrum	Tool for visualising captured radio signals inspectrum is a tool for analysing captured signals, primarily from software-defined radio receivers. inspectrum supports the following file types: *.sigmf-meta, *.sigmf-data - Signal Metadata Format (SigMF) recordings *.cf32, *.cfile - Complex 32-bit floating point (GNURadio, osmocom_fft)	https://www.kali.org/tools/inspectrum/
inspy	inspy	utils		inspy,inspy	LinkedIn enumeration tool This package contains a Python based LinkedIn enumeration tool. You will need an API key from HunterIO.	https://www.kali.org/tools/inspy/
instaloader	instaloader	utils	侦察	instaloader,instaloader	Instagram automatic photo downloader Instaloader downloads photos from Instagram, including public and private profiles, hashtags, user stories, feeds and saved media. How as well as comments, geotags and captions for each post. It automatically detects profile name changes and renames the	https://www.kali.org/tools/instaloader/
intrace	intrace	information-gathering	发现	intrace,intrace	Traceroute-like application piggybacking on existing TCP connections InTrace is a traceroute-like application that enables users to enumerate IP hops exploiting existing TCP connections, both initiated from local network (local system) or from remote hosts. It could be useful for network reconnaissance and firewall bypassing.	https://www.kali.org/tools/intrace/
inviteflood	inviteflood	vulnerability	影响	inviteflood,inviteflood	SIP/SDP INVITE message flooding over UDP/IP A tool to perform SIP/SDP INVITE message flooding over UDP/IP. It was tested on a Linux Red Hat Fedora Core 4 platform (Pentium IV, 2.5 GHz), but it is expected this tool will successfully build and execute on a variety of Linux distributions.	https://www.kali.org/tools/inviteflood/
iodine	iodine	post-exploitation	命令与控制	iodine,iodine,iodine-client-start,iodined	Tool for tunneling IPv4 data through a DNS server This is a piece of software that lets you tunnel IPv4 data through a DNS server. This can be usable in different situations where internet access is firewalled, but DNS queries are allowed.	https://www.kali.org/tools/iodine/
ipv6toolkit	ipv6toolkit	utils		ipv6toolkit,addr6,blackhole6,flow6,frag6,icmp6,jumbo6,messi,mldq6,na6,ni6,ns6,path6,ra6,rd6,rs6,scan6,script6,tcp6,udp6	IPv6 assessment and troubleshooting tools Included tools: addr6: An IPv6 address analysis and manipulation tool. flow6: A tool to perform a security asseessment of the IPv6 Flow Label. frag6: A tool to perform IPv6 fragmentation-based attacks and to perform a security assessment of a number of fragmentation-related aspects.	https://www.kali.org/tools/ipv6toolkit/
irpas	irpas	information-gathering	发现	irpas,ass,cdp,dfkaa,dhcpx,file2cable,hsrp,icmp_redirect,igrp,inetmask,irdp,irdpresponder,itrace,netenum,protos,tctrace,timestamp	Internetwork Routing Protocol Attack Suite This package contains a collection of programs used for advanced network operations, testing, and debugging. CDP and the route injectors can be useful in a production network. Several other tools are useful for security and firewall testing. Finally some tools such as netenum are useful for general admin	https://www.kali.org/tools/irpas/
ismtp	ismtp	utils		ismtp,ismtp	SMTP user enumeration and testing tool Test for SMTP user enumeration (RCPT TO and VRFY), internal spoofing, and relay.	https://www.kali.org/tools/ismtp/
isr-evilgrade	isr-evilgrade	sniffing-spoofing	执行	isr-evilgrade,evilgrade	Evilgrade framework Evilgrade is a modular framework that allows the user to take advantage of poor upgrade implementations by injecting fake updates. It comes with pre-made binaries (agents), a working default configuration for fast pentests, and has it’s own WebServer and DNSServer modules. Easy to set up	https://www.kali.org/tools/isr-evilgrade/
ivre	ivre	utils		ivre,ivre,ivre-doc	Network recon framework IVRE or DRUNK This package contains IVRE (Instrument de veille sur les réseaux extérieurs) or DRUNK (Dynamic Recon of UNKnown networks), a network recon framework, including tools for passive recon (flow analytics relying on Bro, Argus, Nfdump, fingerprint analytics based on Bro and p0f and active recon. IVRE uses Nmap to run scans, can use ZMap as a pre-scanner; IVRE can also	https://www.kali.org/tools/ivre/
iw	iw	wireless		iw,iw	Tool for configuring Linux wireless devices This package contains the ‘iw’ command line tool which allows one to configure and show information about wireless devices. iw is based on the nl80211 kernel interface and supports the majority of fairly recent hardware. The old tool iwconfig, which uses Wireless Extensions interface, is deprecated and it is strongly recommended to switch to iw and	https://www.kali.org/tools/iw/
jadx	jadx	forensics	资源开发	jadx,jadx,jadx-gui	Dex to Java decompiler This package contains a Dex to Java decompiler. It contains a command line and GUI tools for produce Java source code from Android Dex and Apk files. Main features: - decompile Dalvik bytecode to java classes from APK, dex, aar and zip files - decode AndroidManifest.xml and other resources from resources.arsc	https://www.kali.org/tools/jadx/
javasnoop	javasnoop	forensics	资源开发	javasnoop,javasnoop	Intercept Java applications locally Normally, without access to the original source code, testing the security of a Java client is unpredictable at best and unrealistic at worst. With access the original source, you can run a simple Java program and attach a debugger to it remotely, stepping through code and changing	https://www.kali.org/tools/javasnoop/
jboss-autopwn	jboss-autopwn	web	初始访问	jboss-autopwn,jboss-linux,jboss-win	JBoss script for obtaining remote shell access This JBoss script deploys a JSP shell on the target JBoss AS server. Once deployed, the script uses its upload and command execution capability to provide an interactive session. Features include:	https://www.kali.org/tools/jboss-autopwn/
jd-gui	jd-gui	reverse-engineering	资源开发	jd-gui,jd-gui	GUI Java .class decompiler JD-GUI is a standalone graphical utility that displays Java source codes of “.class” files. You can browse the reconstructed source code with the JD-GUI for instant access to methods and fields.	https://www.kali.org/tools/jd-gui/
john	john	information-gathering	凭据访问	john	Active password cracking tool John the Ripper is a tool designed to help systems administrators to find weak (easy to guess or crack through brute force) passwords, and even automatically mail users warning them about it, if it is desired. Besides several crypt(3) password hash types most commonly found on various Unix flavors, supported out of the box are Kerberos AFS and	https://www.kali.org/tools/john/
johnny	johnny	passwords	凭据访问	johnny,johnny	GUI for John the Ripper Johnny is provides a GUI for the John the Ripper password cracking tool.	https://www.kali.org/tools/johnny/
joomscan	joomscan	web	侦察	joomscan,joomscan	OWASP Joomla Vulnerability Scanner Project This package contains JoomScan, short for [Joom]la Vulnerability [Scan]ner. It’s a project in perl programming language to detect Joomla CMS vulnerabilities and analysis them.	https://www.kali.org/tools/joomscan/
joplin	joplin	utils		joplin,joplin,joplin-cli,joplin-cli	Open source note taking and to-do application This package contains a free, open source note taking and to-do application, which can handle a large number of notes organised into notebooks. The notes are searchable, can be copied, tagged and modified either from the applications directly or from your own text editor. The notes are in Markdown format.	https://www.kali.org/tools/joplin/
jsp-file-browser	jsp-file-browser	utils		jsp-file-browser,jsp-file-browser	File browser java server page This package contains an easy to use and easy to install file browser java server page. This JSP program allows remote web-based file access and manipulation. Features: - Create, copy, move, rename and delete files and directories - Shortkeys	https://www.kali.org/tools/jsp-file-browser/
jsql	jsql	web	初始访问	jsql-injection,jsql,jsql-injection	root@kali:~# jsql -h 2026-09-14 06:41:06,177 ERROR [main] jsql.MainApp (MainApp.java:30) - Headless runtime not supported, use default Java runtime instead	https://www.kali.org/tools/jsql/
juice-shop	juice-shop	utils	服务与其它工具	juice-shop,juice-shop,juice-shop-start,juice-shop-stop	Insecure web application This package contains a modern and sophisticated insecure web application! It can be used in security trainings, awareness demos, CTFs and as a guinea pig for security tools! Juice Shop encompasses vulnerabilities from the entire OWASP Top Ten along with many other security flaws found in real-world applications!	https://www.kali.org/tools/juice-shop/
kali-autopilot	kali-autopilot	identify		kali-autopilot,kali-autopilot	Tool for automatic attack scripts in Kali Kali Autopilot is a tool to help develop automatic attack scripts for red and purple teaming. It is primarily intended to create scripts that attack vulnerable machines in the Kali Purple platform for detection and response training but it is also useful for creating scripts used for	https://www.kali.org/tools/kali-autopilot/
kali-community-wallpapers	kali-community-wallpapers	utils		kali-community-wallpapers,kali-wallpapers-community	Transitional package to install kali-wallpapers-community The package has been renamed kali-wallpapers-community and is part of the kali-wallpapers source package now. This dummy package can be safely removed once kali-wallpapers-community is installed on the system.	https://www.kali.org/tools/kali-community-wallpapers/
kali-defaults	kali-defaults	information-gathering		kali-defaults,kali-check-apt-sources,kali-deprecated,kali-motd,kali-service-start,kali-service-stop,kali-setup,kali-treecd,kali-winexec,kali-defaults-desktop	Kali default settings This package implements various default settings within Kali. The size of this package (including its dependencies) should be rather limited because it is included in all Kali images, even minimalistic ones such as container images. This package is meant to be installed during bootstrap stage, so it shouldn’t	https://www.kali.org/tools/kali-defaults/
kali-meta	kali-meta	utils		kali-desktop-core,kali-desktop-e17,kali-desktop-gnome,kali-desktop-i3,kali-desktop-i3-gaps,kali-desktop-kde,kali-desktop-live,kali-desktop-lxde,kali-desktop-mate,kali-desktop-xfce,kali-linux-arm,kali-linux-core,kali-linux-default,kali-linux-everything,kali-linux-firmware,kali-linux-firmware-graphics,kali-linux-headless,kali-linux-labs,kali-linux-large,kali-linux-nethunter,kali-linux-wsl,kali-nethunter-core,kali-nethunter-full,kali-nethunter-nano,kali-sbc-allwinner,kali-sbc-amlogic,kali-sbc-qualcomm,kali-sbc-raspberrypi,kali-sbc-rockchip,kali-system-cli,kali-system-core,kali-system-gui,kali-tools-802-11,kali-tools-bluetooth,kali-tools-crypto-stego,kali-tools-database,kali-tools-detect,kali-tools-exploitation,kali-tools-forensics,kali-tools-fuzzing,kali-tools-gpu,kali-tools-hardware,kali-tools-identify,kali-tools-information-gathering,kali-tools-passwords,kali-tools-post-exploitation,kali-tools-protect,kali-tools-recover,kali-tools-reporting,kali-tools-respond,kali-tools-reverse-engineering,kali-tools-rfid,kali-tools-sdr,kali-tools-sniffing-spoofing,kali-tools-social-engineering,kali-tools-top10,kali-tools-voip,kali-tools-vulnerability,kali-tools-web,kali-tools-windows-resources,kali-tools-wireless	Metapackage with dependencies common to all Kali’s desktops This metapackage depends on Kali packages that should be installed on all desktop installations of Kali Linux. This metapackage is a dependency of all kali-desktop-* packages.	https://www.kali.org/tools/kali-meta/
kali-tweaks	kali-tweaks	utils	服务与其它工具	kali-tweaks,kali-tweaks	Tool to adjust advanced configuration settings for Kali Linux This package provides tweaks for Kali Linux. This include things like: Shell configuration APT mirrors configuration Kali Linux metapackages installation and removal	https://www.kali.org/tools/kali-tweaks/
kali-wallpapers	kali-wallpapers	utils		kali-legacy-wallpapers,kali-wallpapers-2019.4,kali-wallpapers-2020.4,kali-wallpapers-2022,kali-wallpapers-2023,kali-wallpapers-2024,kali-wallpapers-2025,kali-wallpapers-2026,kali-wallpapers-all,kali-wallpapers-legacy,kali-wallpapers-mobile-2023	Transitional package to install kali-wallpapers-legacy The package has been renamed kali-wallpapers-legacy and is part of the kali-wallpapers source package now. This dummy package can be safely removed once kali-wallpapers-legacy is installed on the system.	https://www.kali.org/tools/kali-wallpapers/
kalibrate-rtl	kalibrate-rtl	wireless		kalibrate-rtl,kal	Calculate local oscillator frequency offset using GSM base stations Kalibrate, or kal, can scan for GSM base stations in a given frequency band and can use those GSM base stations to calculate the local oscillator frequency offset.	https://www.kali.org/tools/kalibrate-rtl/
katana	katana	utils		katana,katana	Next-generation crawling and spidering framework. A next-generation crawling and spidering framework Fast And fully configurable web crawling Standard and Headless mode JavaScript parsing / crawling Customizable automatic form filling	https://www.kali.org/tools/katana/
kerberoast	kerberoast	utils	凭据访问	kerberoast,kerberoast	Tools for attacking MS Kerberos implementations This package contains a series of tools for attacking MS Kerberos implementations: extract all accounts in use as SPN using built in MS tools extract the acquired tickets from ram with Mimikatz crack with tgsrepcrack	https://www.kali.org/tools/kerberoast/
kismet	kismet	wireless	侦察	kismet,kismet-capture-antsdr-droneid,kismet_cap_antsdr_droneid,kismet-capture-bladerf-wiphy,kismet_cap_bladerf_wiphy,kismet-capture-common,kismet-capture-freaklabs-zigbee,kismet_cap_freaklabs_zigbee,kismet-capture-hak5-wifi-coconut,kismet_cap_hak5_wifi_coconut,kismet-capture-linux-bluetooth,kismet_cap_linux_bluetooth,kismet-capture-linux-wifi,kismet_cap_linux_wifi,kismet-capture-nrf-51822,kismet_cap_nrf_51822,kismet-capture-nrf-52840,kismet_cap_nrf_52840,kismet-capture-nrf-mousejack,kismet_cap_nrf_mousejack,kismet-capture-nxp-kw41z,kismet_cap_nxp_kw41z,kismet-capture-radiacode-usb,kismet_cap_radiacode_usb,kismet-capture-rtl433,kismet_cap_sdr_rtl433,kismet-capture-rtladsb,kismet_cap_sdr_rtladsb,kismet-capture-rz-killerbee,kismet_cap_rz_killerbee,kismet-capture-serial-radview,kismet_cap_serial_radview,kismet-capture-ti-cc-2531,kismet_cap_ti_cc_2531,kismet-capture-ti-cc-2540,kismet_cap_ti_cc_2540,kismet-capture-ubertooth-one,kismet_cap_ubertooth_one,kismet-core,kismet,kismet_cap_kismetdb,kismet_cap_pcapfile,kismet_server,kismet-logtools,kismetdb_clean,kismetdb_dump_devices,kismetdb_statistics,kismetdb_strip_packets,kismetdb_to_gpx,kismetdb_to_kml,kismetdb_to_pcap,kismetdb_to_wiglecsv,kismet-plugins,kismet_discovery,kismet_eventbus,kismet_proxytest,python3-kismetcapturefreaklabszigbee,python3-kismetcapturertl433,python3-kismetcapturertladsb	Wireless network and device detector (metapackage) Kismet is a wireless network and device detector, sniffer, wardriving tool, and WIDS (wireless intrusion detection) framework. Kismet works with Wi-Fi interfaces, Bluetooth interfaces, some SDR (software defined radio) hardware like the RTLSDR, and other specialized capture hardware.	https://www.kali.org/tools/kismet/
knocker	knocker	utils		knocker,knocker	Simple and easy to use TCP security port scanner Knocker is a new, simple, and easy to use TCP security port scanner written in C, using threads. It is able to analyze hosts and the network services which are running on them.	https://www.kali.org/tools/knocker/
koadic	koadic	utils	命令与控制	koadic,koadic	Windows post-exploitation rootkit This package contains Koadic, or COM Command & Control. It is a Windows post-exploitation rootkit similar to other penetration testing tools such as Meterpreter and Powershell Empire. The major difference is that Koadic does most of its operations using Windows Script Host (a.k.a. JScript/VBScript), with compatibility in the core to support a default installation of Windows	https://www.kali.org/tools/koadic/
krbrelayx	krbrelayx	utils	凭据访问	krbrelayx,addspn,dnstool,krbrelayx,printerbug	Kerberos relaying and unconstrained delegation abuse toolkit Kerberos relaying and unconstrained delegation abuse toolkit. This tool can add/remove/modify Service Principal Names on accounts in AD over LDAP.	https://www.kali.org/tools/krbrelayx/
kubernetes-helm	kubernetes-helm	utils		kubernetes-helm,helm	Tool for managing Charts (helm) This package contains a tool for managing Charts. Charts are packages of pre-configured Kubernetes resources. Use Helm to: * Find and use popular software packaged as Helm Charts to run in Kubernetes * Share your own applications as Helm Charts	https://www.kali.org/tools/kubernetes-helm/
kustomize	kustomize	utils		golang-k8s-sigs-kustomize-dev,kustomize,kustomize	Customization of Kubernetes YAML configurations (program) Kustomize is a standalone binary tool for managing Kubernetes configurations without requiring templates. It allows users to customize resource configurations through overlays, making it easy to reuse and share manifests across environments. Kustomize operates natively with Kubernetes YAML, offering functionality like	https://www.kali.org/tools/kustomize/
lapsdumper	lapsdumper	utils		lapsdumper,lapsdumper	Tool that dumps LAPS passwords A tool that dumps every LAPS password the account has the ability to read with a domain.	https://www.kali.org/tools/lapsdumper/
laudanum	laudanum	web	持久化	laudanum,laudanum	Collection of injectable web files Laudanum is a collection of injectable files, designed to be used in a pentest when SQL injection flaws are found and are in multiple languages for different environments.They provide functionality such as shell, DNS query, LDAP retrieval and others.	https://www.kali.org/tools/laudanum/
lbd	lbd	information-gathering	侦察	lbd,lbd	Load balancer detector Checks if a given domain uses load-balancing.	https://www.kali.org/tools/lbd/
ldeep	ldeep	utils	发现	ldeep,ldeep	In-depth ldap enumeration utility ldeep is an in-depth ldap enumeration utility that can either run against an Active Directory LDAP server or locally on saved files.	https://www.kali.org/tools/ldeep/
legba	legba	utils	凭据访问	legba,legba	Multiprotocol credentials bruteforcer / password sprayer and enumerator Legba is a multiprotocol credentials bruteforcer / password sprayer and enumerator built with Rust and the Tokio asynchronous runtime in order to achieve better performances and stability while consuming less resources than similar tools.	https://www.kali.org/tools/legba/
legion	legion	information-gathering	侦察	legion,legion	Semi-automated network penetration testing tool This package contains an open source, easy-to-use, super-extensible and semi-automated network penetration testing tool that aids in discovery, reconnaissance and exploitation of information systems. Legion is a fork of SECFORCE’s Sparta.	https://www.kali.org/tools/legion/
libewf	libewf	forensics	数字取证	ewf-tools,ewfacquire,ewfacquirestream,ewfdebug,ewfexport,ewfinfo,ewfmount,ewfrecover,ewfverify,libewf-dev,libewf2,python3-libewf	Collection of tools for reading and writing EWF files Libewf is a library with support for reading and writing the Expert Witness Compression Format (EWF). This library allows you to read media information of EWF files in the SMART (EWF-S01) format and the EnCase (EWF-E01) format. It supports files created by EnCase 1 to 6, linen and FTK Imager. The libewf is useful for forensics	https://www.kali.org/tools/libewf/
libfindrtp	libfindrtp	vulnerability		libfindrtp	Library required by multiple VoIP tools This package contains a library used by multiple VoIP tools.	https://www.kali.org/tools/libfindrtp/
libimage-exiftool-perl	libimage-exiftool-perl	utils		libimage-exiftool-perl,exiftool	Library and program to read and write meta information in multimedia files Image::ExifTool is a customizable set of Perl modules plus a full-featured command-line application called exiftool for reading and writing meta information in a wide variety of files, including the maker note information of many digital cameras by various manufacturers such as Canon, Casio, DJI, FLIR, FujiFilm, GE, HP, JVC/Victor, Kodak, Leaf, Minolta/Konica-Minolta,	https://www.kali.org/tools/libimage-exiftool-perl/
libpst	libpst	forensics	数字取证	libpst-dev,libpst4t64,pst-utils,lspst,nick2ldif,pst2dii,pst2ldif,readpst	Library for reading Microsoft Outlook PST files (development files) Library for accessing data from Microsoft Outlook PST files. This package include the files needed for developing with libpst, including the headers, static library and documentation.	https://www.kali.org/tools/libpst/
libsmali-java	libsmali-java	forensics		libsmali-java,baksmali,smali	Assembler/disassembler for Android’s dex format smali/baksmali is an assembler/disassembler for the dex format used by dalvik, Android’s Java VM implementation. The syntax is loosely based on Jasmin’s/dedexer’s syntax and supports the full functionality of the dex format like annotations, debug info and line info.	https://www.kali.org/tools/libsmali-java/
ligolo-mp	ligolo-mp	utils	命令与控制	ligolo-mp,ligolo-mp,ligolo-mp-client	Multiplayer pivoting solution Ligolo-MP is an advanced version of Ligolo-ng, with client-server architecture, enabling pentesters to play with multiple concurrent tunnels collaboratively. It manages all your TUNs automatically, while also providing a clean GUI to track everything.	https://www.kali.org/tools/ligolo-mp/
ligolo-ng	ligolo-ng	utils	命令与控制	ligolo-ng,ligolo-agent,ligolo-proxy	Advanced, yet simple, tunneling/pivoting tool that uses a TUN interface Ligolo-ng is a simple, lightweight and fast tool that allows pentesters to establish tunnels from a reverse TCP/TLS connection using a tun interface (without the need of SOCKS).	https://www.kali.org/tools/ligolo-ng/
ligolo-ng-common-binaries	ligolo-ng-common-binaries	utils	命令与控制	ligolo-ng-common-binaries,ligolo-ng-common-binaries	Prebuilt binaries for Advanced ligolo-ng Ligolo-ng is a simple, lightweight and fast tool that allows pentesters to establish tunnels from a reverse TCP/TLS connection using a tun interface (without the need of SOCKS).	https://www.kali.org/tools/ligolo-ng-common-binaries/
linkedin2username	linkedin2username	utils	侦察	linkedin2username,linkedin2username	Generate username lists for companies on LinkedIn OSINT Tool: Generate username lists from companies on LinkedIn. This is a pure web-scraper, no API key required. You use your valid LinkedIn username and password to login, it will create several lists of possible username formats for all employees of a company you point it at.	https://www.kali.org/tools/linkedin2username/
linux-exploit-suggester	linux-exploit-suggester	utils		linux-exploit-suggester,linux-exploit-suggester	LES: Linux privilege escalation auditing tool This package contains a Linux privilege escalation auditing tool. It’s designed to assist in detecting security deficiencies for given Linux kernel/Linux-based machine. It provides following functionality: Assessing kernel exposure on publicly known exploits Tool assesses (using heuristics methods discussed in details here) exposure of	https://www.kali.org/tools/linux-exploit-suggester/
llm-tools-nmap	llm-tools-nmap	utils		llm-tools-nmap	Plugin for LLM tool hat provides Nmap network scanning capabilities This package contains a plugin for Simon Willison’s LLM tool that provides Nmap network scanning capabilities through function calling. This plugin enables LLMs to perform network discovery and security scanning tasks using the powerful Nmap tool.	https://www.kali.org/tools/llm-tools-nmap/
llvm-defaults	llvm-defaults	vulnerability	资源开发	clang,clang,clang++,clang-cl,clang-cpp,clang-scan-deps,clang-format,clang-format,clang-format-diff,git-clang-format,clang-tidy,clang-tidy,run-clang-tidy,clang-tools,amdgpu-arch,analyze-build,asan_symbolize,c-index-test,clang-apply-replacements,clang-change-namespace,clang-check,clang-doc,clang-extdef-mapping,clang-include-cleaner,clang-include-fixer,clang-installapi,clang-linker-wrapper,clang-move,clang-nvlink-wrapper,clang-offload-bundler,clang-offload-packager,clang-query,clang-refactor,clang-reorder-fields,clang-repl,clang-sycl-linker,clang-tblgen,diagtool,find-all-symbols,hmaptool,hwasan_symbolize,intercept-build,modularize,nvptx-arch,offload-arch,pp-trace,sancov,scan-build,scan-build-py,scan-view,clangd,clangd,flang,bbc,f18-parse-demo,fir-lsp-server,fir-opt,flang,flang-new,tco,libbolt-dev,libc++-dev,libc++-dev-wasm32,libc++abi-dev,libclang-cpp-dev,libclang-dev,libclang-rt-dev,libclang-rt-dev-wasm32,libclang-rt-dev-wasm64,libclang-rt-dev-win,libflang-dev,liblld-dev,liblldb-dev,libllvm-ocaml-dev,libomp-dev,libpolly-dev,lld,ld.lld,ld64.lld,lld,lld-link,wasm-ld,lldb,lldb,lldb-argdumper,lldb-dap,lldb-instr,lldb-server,llvm,bugpoint,dsymutil,llc	C, C++ and Objective-C compiler (LLVM based), clang binary Clang project is a C, C++, Objective C and Objective C++ front-end for the LLVM compiler. Its goal is to offer a replacement to the GNU Compiler Collection (GCC). Clang implements all of the ISO C++ 1998, 11, 14 and 17 standards and also provides most of the support of C++20.	https://www.kali.org/tools/llvm-defaults/
lsof	lsof	web		liblsof-dev,liblsof0,lsof,lsof	Utility to list open files Lsof is a Unix-specific diagnostic tool. Its name stands for LiSt Open Files, and it does just that. It lists information about any files that are open, by processes currently running on the system. This package contains the classic lsof command line tool.	https://www.kali.org/tools/lsof/
lvm2	lvm2	forensics		dmeventd,dmeventd,dmsetup,blkdeactivate,dmsetup,dmstats,dmsetup-udeb,libdevmapper-dev,libdevmapper-event1.02.1,libdevmapper1.02.1,libdevmapper1.02.1-udeb,liblvm2-dev,liblvm2cmd2.03,lvm2,fsadm,lvchange,lvconvert,lvcreate,lvdisplay,lvextend,lvm,lvmconfig,lvmdiskscan,lvmdump,lvmpolld,lvmsadc,lvmsar,lvreduce,lvremove,lvrename,lvresize,lvs,lvscan,pvchange,pvck,pvcreate,pvdisplay,pvmove,pvremove,pvresize,pvs,pvscan,vgcfgbackup,vgcfgrestore,vgchange,vgck,vgconvert,vgcreate,vgdisplay,vgexport,vgextend,vgimport,vgimportclone,vgmerge,vgmknodes,vgreduce,vgremove,vgrename,vgs,vgscan,vgsplit,lvm2-dbusd,lvmdbusd,lvm2-lockd,lvmlockctl,lvmlockd,lvm2-udeb	Linux Logical Volume Manager This is LVM2, the rewrite of The Linux Logical Volume Manager. LVM supports enterprise level volume management of disk and disk subsystems by grouping arbitrary disks into volume groups. The total capacity of volume groups can be allocated to logical volumes, which are accessed as regular block devices.	https://www.kali.org/tools/lvm2/
lynis	lynis	vulnerability	权限提升	lynis,lynis	Security auditing tool for Unix based systems Lynis is an auditing tool for hardening GNU/Linux and Unix based systems. It scans the system configuration and creates an overview of system information and security issues usable by professional auditors. It can assist in automated audits. Lynis can be used in addition to other software, like security	https://www.kali.org/tools/lynis/
mac-robber	mac-robber	forensics		mac-robber,mac-robber	Collects data about allocated files in mounted filesystems mac-robber is a digital investigation tool (digital forensics) that collects metadata from allocated files in a mounted filesystem. This is useful during incident response when analyzing a live system or when analyzing a dead system in a lab. The data can be used by the mactime tool in The Sleuth Kit (TSK or SleuthKit only) to make a timeline of file activity. The mac-robber	https://www.kali.org/tools/mac-robber/
macchanger	macchanger	wireless	防御规避	macchanger,macchanger	Utility for manipulating the MAC address of network interfaces GNU MAC Changer is an utility that makes the maniputation of MAC addresses of network interfaces easier. MAC addresses are unique identifiers on networks, they only need to be unique, they can be changed on most network hardware. MAC addresses have started to be abused by unscrupulous marketing firms, government agencies, and others to provide an easy way to track a computer	https://www.kali.org/tools/macchanger/
magicrescue	magicrescue	forensics	数字取证	magicrescue,dupemap,magicrescue,magicsort	Recover files by looking for magic bytes Magic Rescue scans a block device for file types it knows how to recover and calls an external program to extract them. It looks at “magic bytes” (file patterns) in file contents, so it can be used both as an undelete utility and for recovering a corrupted drive or partition. As long as the file data is there, it will find it.	https://www.kali.org/tools/magicrescue/
maltego	maltego	information-gathering	侦察	maltego,maltego	Open source intelligence and forensics application Maltego is an open source intelligence and forensics application. It will offer you timous mining and gathering of information as well as the representation of this information in a easy to understand format. This package replaces previous packages matlegoce and casefile.	https://www.kali.org/tools/maltego/
maltego-teeth	maltego-teeth	utils		maltego-teeth	Set of offensive Maltego transforms A set of transforms for Maltego to run nmap, sqlmap, and more against entitites in Maltego.	https://www.kali.org/tools/maltego-teeth/
maryam	maryam	identify		maryam,maryam	OWASP Maryam is a modular/optional open source framework bas This package contains the OWASP Maryam, a modular/optional open source framework based on OSINT and data gathering. Maryam is written in Python programming language and it’s designed to provide a powerful environment to harvest data from open sources and search engines and collect data quickly and thoroughly.	https://www.kali.org/tools/maryam/
maskprocessor	maskprocessor	passwords		maskprocessor,mp32,mp64	High-performance word generator with a per-position configurable charset Maskprocessor is a fast word list generator. It enumerates all combinations from a given user-defined keyspace and outputs the results. Since it supports different alphabets (which also can be combined) at different positions in the generation template (‘mask’), this approach allows a more fine-tunable generation of candidates than using ’naive’ brute force enumeration of words.	https://www.kali.org/tools/maskprocessor/
masscan	masscan	information-gathering	发现	masscan,masscan	TCP port scanner MASSCAN is TCP port scanner which transmits SYN packets asynchronously and produces results similar to nmap, the most famous port scanner. Internally, it operates more like scanrand, unicornscan, and ZMap, using asynchronous transmission.	https://www.kali.org/tools/masscan/
massdns	massdns	utils	侦察	massdns,massdns	High-performance DNS stub resolver This package contains a simple high-performance DNS stub resolver targeting those who seek to resolve a massive amount of domain names in the order of millions or even billions. Without special configuration, MassDNS is capable of resolving over 350,000 names per second using publicly available resolvers.	https://www.kali.org/tools/massdns/
mc	mc	utils		mc,mc,mcdiff,mcedit,mcview,mc-data	Midnight Commander - a powerful file manager GNU Midnight Commander is a text-mode full-screen file manager. It uses a two panel interface and a subshell for command execution. It includes an internal editor with syntax highlighting and an internal viewer with support for binary files. Also included is Virtual Filesystem (VFS), that allows files on remote systems (e.g. FTP, SSH	https://www.kali.org/tools/mc/
mcp-kali-server	mcp-kali-server	utils		mcp-kali-server,kali-server-mcp,mcp-server	API bridge connecting MCP Clients to the API server This package contains a lightweight API bridge that connects MCP Clients (e.g: Claude Desktop, 5ire) to the API server which allows excuting commands on a Linux terminal. This allows the MCP to run terminal commands like nmap, nxc or any other tool, interact with web applications using tools like curl, wget, gobuster. And	https://www.kali.org/tools/mcp-kali-server/
mdbtools	mdbtools	forensics	发现	libmdb3t64,libmdbsql3t64,mdbtools,mdb-array,mdb-count,mdb-export,mdb-header,mdb-hexdump,mdb-import,mdb-json,mdb-parsecsv,mdb-prop,mdb-queries,mdb-schema,mdb-sql,mdb-tables,mdb-ver,mdbtools-dev,mdbtools-doc,odbc-mdbtools	JET / MS Access database (MDB) tools These are various tools for manipulating JET / MS Access database (MDB) files: utils - provides command line utilities to list tables, export schema, and data, show file versions, and other useful stuff. mdb-sql - a command line SQL tool that allows one to type SQL queries and get results.	https://www.kali.org/tools/mdbtools/
mdk3	mdk3	wireless	影响	mdk3,mdk3	Wireless attack tool for IEEE 802.11 networks MDK is a proof-of-concept tool to exploit common IEEE 802.11 (Wi-Fi) protocol weaknesses. Features: Bruteforce MAC Filters. Bruteforce hidden SSIDs (some small SSID wordlists included).	https://www.kali.org/tools/mdk3/
mdk4	mdk4	wireless		mdk4,mdk4	Wireless attack tool for IEEE 802.11 networks This package contains a proof-of-concept tool to exploit common IEEE 802.11 protocol weaknesses. MDK4 is a new version of MDK3. MDK4 is a Wi-Fi testing tool from E7mer of 360PegasusTeam, ASPj of k2wrlz, it uses the osdep library from the aircrack-ng project to inject frames on several operating systems.	https://www.kali.org/tools/mdk4/
medusa	medusa	information-gathering	凭据访问	medusa,medusa	Fast, parallel, modular, login brute-forcer for network services Medusa is intended to be a speedy, massively parallel, modular, login brute-forcer. The goal is to support as many services which allow remote authentication as possible. The author considers following items as some of the key features of this application: * Thread-based parallel testing. Brute-force testing can be	https://www.kali.org/tools/medusa/
memdump	memdump	forensics		memdump,memdump	Utility to dump memory contents to standard output Program which dumps system memory to the standard output stream, skipping over holes in memory maps. By default, the program dumps the contents of physical memory. This program will not work if CONFIG_STRICT_DEVMEM is enabled in kernel. Since 2.6 version, several kernels are enabling this option by default.	https://www.kali.org/tools/memdump/
mercurial	mercurial	utils		mercurial,chg,hg,mercurial-common,hg-ssh	Easy-to-use, scalable distributed version control system Mercurial is a fast, lightweight Source Control Management system designed for efficient handling of very large distributed projects. Its features include: O(1) delta-compressed file storage and retrieval scheme Complete cross-indexing of files and changesets for efficient exploration	https://www.kali.org/tools/mercurial/
merlin	merlin	utils		golang-github-ne0nd0g-merlin-dev,merlin,merlin-server,merlinserver	Command & Control server & agent (metapackage) This package contains a cross-platform post-exploitation HTTP/2 Command & Control server and agent written in golang as well as an identification tool.	https://www.kali.org/tools/merlin/
merlin-agent	merlin-agent	utils		merlin-agent,merlin-agent	Cross-platform post-exploitation HTTP/2 Command & Control agent This package contains the Agent code for Merlin post-exploitation command and control framework.	https://www.kali.org/tools/merlin-agent/
metacam	metacam	forensics		metacam,metacam	Extract EXIF information from digital camera files EXIF (Exchangeable Image File Format) is a standard for storing interchange information in image files, especially those using JPEG compression. Most digital cameras, including mobile phones, now use the EXIF format. The format is part of the DCF standard created by JEIDA to encourage the interoperability between imaging devices. In addition to the standard EXIF	https://www.kali.org/tools/metacam/
metagoofil	metagoofil	information-gathering	侦察	metagoofil,metagoofil	Tool designed for extracting metadata of public documents Metagoofil is an information gathering tool designed for extracting metadata of public documents (pdf,doc,xls,ppt,docx,pptx,xlsx) belonging to a target company. Metagoofil will perform a search in Google to identify and download the documents to local disk.	https://www.kali.org/tools/metagoofil/
metasploit-framework	metasploit-framework	information-gathering	资源开发	metasploit-framework,msf-egghunter,msf-exe2vba,msf-exe2vbs,msf-find_badchars,msf-halflm_second,msf-hmac_sha1_crack,msf-java_deserializer,msf-jsobfu,msf-makeiplist,msf-md5_lookup,msf-metasm_shell,msf-msf_irb_shell,msf-nasm_shell,msf-pattern_create,msf-pattern_offset,msf-pdf2xdp,msf-virustotal,msfconsole,msfd,msfdb,msfrpc,msfrpcd,msfupdate,msfvenom	Framework for exploit development and vulnerability research The Metasploit Framework is an open source platform that supports vulnerability research, exploit development, and the creation of custom security tools.	https://www.kali.org/tools/metasploit-framework/
metasploitmcp	metasploitmcp	utils		metasploitmcp,metasploitmcp	MCP Server for Metasploit A Model Context Protocol (MCP) server for Metasploit Framework integration.	https://www.kali.org/tools/metasploitmcp/
mimikatz	mimikatz	passwords	防御规避	mimikatz,mimikatz	Uses admin rights on Windows to display passwords in plaintext Mimikatz uses admin rights on Windows to display passwords of currently logged in users in plaintext.	https://www.kali.org/tools/mimikatz/
minicom	minicom	hardware	命令与控制	minicom,ascii-xfr,minicom,runscript,xminicom	Menu-driven serial communication program Minicom is a text-mode serial communications program modelled on the MS-DOS program Telix. It drives modems and serial consoles through a full-screen, menu-driven interface and emulates ANSI and VT102 terminals. A dialling directory with auto-redial, a scripting language for automating log-ins and other exchanges, capture-to-file logging, remappable key	https://www.kali.org/tools/minicom/
miredo	miredo	post-exploitation	命令与控制	miredo,miredo,miredo-checkconf,teredo-mire,miredo-server,miredo-server	Teredo IPv6 tunneling through NATs The Teredo IPv6 tunneling protocol encapsulates IPv6 packets into UDP/IPv4 datagrams, to allow hosts behind NAT devices to access the IPv6 Internet. Miredo is a Teredo client (as per RFC 4380): it can provide IPv6 connectivity to a dual-stack IPv6/IPv4 host even if it is located behind a NAT. It can also operate as a Teredo relay which forwards IPv6 packets	https://www.kali.org/tools/miredo/
missidentify	missidentify	forensics	数字取证	missidentify,missidentify	Find win32 applications Miss Identify (missidentify) is a program to find MS Windows type win32 applications. By default, it displays the filename of any executable that does not have an extension, as exe, dll, com, sys, cpl, hxs, hxi, olb, rll or tlb. It can also display all the executables regardless the extension. Miss Identify is useful in forensics investigations.	https://www.kali.org/tools/missidentify/
mitm6	mitm6	utils	收集	mitm6,mitm6	Pwning IPv4 via IPv6 mitm6 is a pentesting tool that exploits the default configuration of Windows to take over the default DNS server. It does this by replying to DHCPv6 messages, providing victims with a link-local IPv6 address and setting the attackers host as default DNS server.	https://www.kali.org/tools/mitm6/
mitmproxy	mitmproxy	information-gathering	收集	mitmproxy,mitmdump,mitmproxy,mitmweb	SSL-capable man-in-the-middle HTTP proxy mitmproxy is an interactive man-in-the-middle proxy for HTTP and HTTPS. It provides a console interface that allows traffic flows to be inspected and edited on the fly. Also shipped is mitmdump, the command-line version of mitmproxy, with the same functionality but without the frills. Think tcpdump for	https://www.kali.org/tools/mitmproxy/
mongo-tools	mongo-tools	utils		mongo-tools,bsondump,mongodump,mongoexport,mongofiles,mongoimport,mongorestore,mongostat	MongoDB tools (program) This package contains tools for MongDB: bsondump - display BSON files in a human-readable format mongoimport - Convert data from JSON, TSV or CSV and insert them into a collection mongoexport - Write an existing collection to CSV or JSON format	https://www.kali.org/tools/mongo-tools/
msfpc	msfpc	exploitation	资源开发	msfpc,msfpc	MSFvenom Payload Creator (MSFPC) A quick way to generate various “basic” Meterpreter payloads using msfvenom which is part of the Metasploit framework.	https://www.kali.org/tools/msfpc/
msitools	msitools	utils	资源开发	gir1.2-libmsi-1.0,libmsi-1.0-0,libmsi-dev,msitools,msibuild,msidiff,msidump,msiextract,msiinfo,wixl,wixl,wixl-heat,wixl-data	Windows Installer file manipulation tool msitools contains a number of programs to create, inspect and extract Windows Installer (.msi) files. The following tools are included: msiinfo: inspects MSI packages msibuild: builds MSI packages	https://www.kali.org/tools/msitools/
mssqlpwner	mssqlpwner	utils		mssqlpwner,mssqlpwner	Advanced and versatile pentesting tool MSSqlPwner is an advanced and versatile pentesting tool designed to seamlessly interact and pwn MSSQL servers. That tool is based on impacket, which allows attackers to authenticate to databases using clear-text passwords NTLM Hashes, and kerberos tickets. With MSSqlPwner, users can execute custom commands through various methods, including custom assembly,	https://www.kali.org/tools/mssqlpwner/
multiforcer	multiforcer	utils		multiforcer,multiforcer,showconfig-opencl	GPU accelerated password cracking tool A CUDA & OpenCL accelerated rainbow table implementation from the ground up, and a CUDA hash brute forcing tool with support for many hash types including MD5, SHA1, LM, NTLM, and lots more.	https://www.kali.org/tools/multiforcer/
multimac	multimac	utils		multimac,multimac	Create multiple MACs on an adapter Multimac is a Linux virtual ethernet tap allocator to emulate and use multiple virtual interfaces (with different MAC addresses) on a LAN using a single network adapter.	https://www.kali.org/tools/multimac/
multimon-ng	multimon-ng	wireless		multimon-ng,multimon-ng	Digital radio transmission decoder The successor to multimon, with support for more modes and improved compatibility with moderns systems. It decodes the following digital transmission modes commonly found on VHF/UHF bands: POCSAG512 POCSAG1200 POCSAG2400 FLEX	https://www.kali.org/tools/multimon-ng/
mxcheck	mxcheck	utils	发现	mxcheck,mxcheck	Info and security scanner for e-mail servers mxcheck is an info scanner for e-mail servers, checking: - DNS records: A, MX, PTR, SPF, MTA-STS, DKIM, DMARC - AS Number and AS Country - The support of StartTLS and the certificate - Open ports: 25, 465, 587	https://www.kali.org/tools/mxcheck/
myrescue	myrescue	forensics	数字取证	myrescue,myrescue,myrescue-bitmap2ppm,myrescue-stat	Rescue data from damaged disks myrescue is a program to rescue the still-readable data from a damaged harddisk, CD-ROM, DVD, flash drives, etc. It is similar in purpose to dd_rescue (or ddrescue), but it tries to quickly get out of damaged areas to first handle the not yet damaged part of the disk and return later.	https://www.kali.org/tools/myrescue/
mysql-defaults	mysql-defaults	information-gathering		default-libmysqlclient-dev,default-mysql-client,default-mysql-client-core,default-mysql-server,default-mysql-server-core,mysql-common	MySQL database development files (metapackage) MySQL is a fast, stable and true multi-user, multi-threaded SQL database server. SQL (Structured Query Language) is the most popular database query language in the world. The main goals of MySQL are speed, robustness and ease of use. This package depends on the default implementation of the client development	https://www.kali.org/tools/mysql-defaults/
naabu	naabu	utils		naabu,naabu	Fast port scanner with a focus on reliability and simplicity This package contains a port scanning tool written in Go that allows you to enumerate valid ports for hosts in a fast and reliable manner. It is a really simple tool that does fast SYN/CONNECT scans on the host/list of hosts and lists all ports that return a reply. Main features are:	https://www.kali.org/tools/naabu/
name-that-hash	name-that-hash	utils		name-that-hash,name-that-hash,nth	Identify MD5, SHA256 and 300+ other hash types This package contains a utility to identify hash types. Have you ever come across a hash such as 5f4dcc3b5aa765d61d8327deb882cf99 and wondered what type of hash type that is? Name-that-hash will name it for you.	https://www.kali.org/tools/name-that-hash/
nasm	nasm	information-gathering		nasm,nasm,ndisasm	General-purpose x86 assembler Netwide Assembler. NASM will currently output flat-form binary files, a.out, COFF and ELF Unix object files, and Microsoft 16-bit DOS and Win32 object files. Also included is NDISASM, a prototype x86 binary-file disassembler which uses the same instruction table as NASM.	https://www.kali.org/tools/nasm/
nasty	nasty	forensics		nasty,nasty	Tool which helps you to recover your GPG passphrase Nasty is a program that helps you to recover the passphrase of your PGP or GPG-key in case you forget or lost it. The following features will make things easier: set minimum/maximum length of the passphrase incremental mode, random mode or reads a file for guessing	https://www.kali.org/tools/nasty/
nbtscan	nbtscan	information-gathering	发现	nbtscan,nbtscan	Scan networks searching for NetBIOS information NBTscan is a program for scanning IP networks for NetBIOS name information. It sends NetBIOS status query to each address in supplied range and lists received information in human readable form. For each responded host it lists IP address, NetBIOS computer name, logged-in user name and MAC address (such as Ethernet).	https://www.kali.org/tools/nbtscan/
nbtscan-unixwiz	nbtscan-unixwiz	utils		nbtscan-unixwiz,nbtscan-unixwiz	Scanner for open NETBIOS nameservers This package contains a command-line tool that scans for open NETBIOS nameservers on a local or remote TCP/IP network, and this is a first step in finding of open shares. It is based on the functionality of the standard Windows tool nbtstat, but it operates on a range of addresses instead of just one.	https://www.kali.org/tools/nbtscan-unixwiz/
ncat-w32	ncat-w32	windows-resources		ncat-w32,ncat-w32	Netcat for the 21st century Ncat is a feature-packed networking utility which reads and writes data across networks from the command line. Ncat was written for the Nmap Project as a much-improved reimplementation of the venerable Netcat. It uses both TCP and UDP for communication and is designed to be a reliable back-end tool to instantly provide network connectivity to other applications and users. Ncat	https://www.kali.org/tools/ncat-w32/
ncrack	ncrack	web	凭据访问	ncrack,ncrack	High-speed network authentication cracking tool Ncrack is a high-speed network authentication cracking tool. It was built to help companies secure their networks by proactively testing all their hosts and networking devices for poor passwords. Security professionals also rely on Ncrack when auditing their clients. Ncrack was designed	https://www.kali.org/tools/ncrack/
ncurses-hexedit	ncurses-hexedit	utils		ncurses-hexedit,hexeditor	Edit files/disks in hex, ASCII and EBCDIC Hexedit is a file editor which allows editing and viewing a file in hexadecimal, along with its ASCII or EBCDIC text equivalent. Standard editing features include insert, delete, search (text or byte searches), highlighted changes, undo, two different viewing formats, and full screen text snapshots. Allows editing of fixed disks as well. Includes	https://www.kali.org/tools/ncurses-hexedit/
net-snmp	net-snmp	information-gathering		libnetsnmptrapd45,libsnmp-base,libsnmp-dev,mib2c,mib2c-update,net-snmp-config,libsnmp-perl,libsnmp45,snmp,agentxtrap,encode_keychange,fixproc,snmp-bridge-mib,snmpbulkget,snmpbulkwalk,snmpcheck,snmpconf,snmpdelta,snmpdf,snmpget,snmpgetnext,snmpinform,snmpnetstat,snmpping,snmpps,snmpset,snmpstatus,snmptable,snmptest,snmptls,snmptranslate,snmptrap,snmpusm,snmpvacm,snmpwalk,snmpd,net-snmp-create-v3-user,snmpd,snmptrapd,snmptrapd,traptoemail,tkmib,tkmib	SNMP (Simple Network Management Protocol) trap library The Simple Network Management Protocol (SNMP) provides a framework for the exchange of management information between agents (servers) and clients. The Net-SNMP trap library contains functions for receiving SNMP trap and inform messages.	https://www.kali.org/tools/net-snmp/
net-tools	net-tools	wireless		net-tools,arp,ifconfig,ipmaddr,iptunnel,mii-tool,nameif,netstat,plipconfig,rarp,route,slattach	NET-3 networking toolkit This package includes the important tools for controlling the network subsystem of the Linux kernel. This includes arp, ifconfig, netstat, rarp, nameif and route. Additionally, this package contains utilities relating to particular network hardware types (plipconfig, slattach, mii-tool) and advanced aspects of IP configuration (iptunnel, ipmaddr).	https://www.kali.org/tools/net-tools/
netbase	netbase	information-gathering		netbase	Basic TCP/IP networking system This package provides the necessary infrastructure for basic TCP/IP based networking. In particular, it supplies common name-to-number mappings in /etc/services, /etc/rpc, /etc/protocols and /etc/ethertypes.	https://www.kali.org/tools/netbase/
netcat	netcat	information-gathering		netcat-traditional,nc.traditional	TCP/IP swiss army knife A simple Unix utility which reads and writes data across network connections using TCP or UDP protocol. It is designed to be a reliable “back-end” tool that can be used directly or easily driven by other programs and scripts. At the same time it is a feature-rich network debugging and exploration tool, since it can create almost any kind	https://www.kali.org/tools/netcat/
netdiscover	netdiscover	information-gathering	发现	netdiscover,netdiscover	Active/passive network address scanner using ARP requests Netdiscover is an active/passive address reconnaissance tool, mainly developed for those wireless networks without dhcp server, when you are wardriving. It can be also used on hub/switched networks. Built on top of libnet and libpcap, it can passively detect online hosts, or search for them, by actively sending ARP requests.	https://www.kali.org/tools/netdiscover/
netexec	netexec	top10	防御规避	netexec,netexec,nxc,nxcdb	Network Execution Tool NetExec (AKA nxc) is a network service exploitation tool that helps automate assessing the security of large networks. NetExec is the continuation of CrackMapExec, which was maintained by mpgn over the years, but discontinued upon mpgn’s retirement.	https://www.kali.org/tools/netexec/
netmask	netmask	information-gathering	发现	netmask,netmask	Helps determine network masks This is a tiny program handy if you work with firewalls or routers occasionally (possibly using this as a helper for shell scripts). It can determine the smallest set of network masks to specify a range of hosts. It can also convert between common IP netmask and address formats.	https://www.kali.org/tools/netmask/
netscanner	netscanner	utils		netscanner,netscanner	Network scanner & diagnostic tool with modern TUI Netscanner is a network scanning tool with features like: - List HW Interfaces - Switching active Interface for scanning & packet-dumping - WiFi networks scanning - WiFi signals strength (with charts)	https://www.kali.org/tools/netscanner/
netsed	netsed	utils		netsed,netsed	Network packet-altering stream editor NetSED is a small and handy utility designed to alter, in real time, the contents of packets forwarded through your network. It is really useful for network packet alteration, forging, or manipulation. NetSED supports: black-box protocol auditing - whenever there are two or more	https://www.kali.org/tools/netsed/
netsniff-ng	netsniff-ng	sniffing-spoofing	发现	netsniff-ng,astraceroute,bpfc,curvetun,flowtop,ifpps,mausezahn,netsniff-ng,trafgen	Linux network packet sniffer toolkit netsniff-ng is a high performance Linux network sniffer for packet inspection. It can be used for protocol analysis, reverse engineering or network debugging. The gain of performance is reached by ‘zero-copy’ mechanisms, so that the kernel does not need to copy packets from kernelspace to userspace. netsniff-ng toolkit currently consists of the following utilities:	https://www.kali.org/tools/netsniff-ng/
netw-ib-ox-ag	netw-ib-ox-ag	utils		netwag,netwag,netwag-doc,netwox,netwox,netwox-doc	Graphical frontend for netwox Netwag is a graphical front end for netwox which contains more than 200 tools. Netwag permits one to easily: search amongst tools proposed in netwox construct command line run tools	https://www.kali.org/tools/netw-ib-ox-ag/
nextnet	nextnet	utils		nextnet,nextnet	Pivot point discovery tool in Go This package contains a pivot point discovery tool written in Go.	https://www.kali.org/tools/nextnet/
nfs-utils	nfs-utils	information-gathering		libnfsidmap-dev,libnfsidmap1,nfs-common,mount.nfs,mount.nfs4,mountstats,nfsconf,nfsidmap,nfsiostat,nfsstat,rpc.gssd,rpc.idmapd,rpc.statd,rpc.svcgssd,rpcctl,rpcdebug,showmount,sm-notify,start-statd,umount.nfs,umount.nfs4,nfs-kernel-server,exportfs,fsidd,nfsdcld,nfsdclddb,nfsdclnts,nfsdctl,nfsref,rpc.mountd,rpc.nfsd	Header files and docs for libnfsidmap Contains the header files and documentation for libnfsidmap for use in developing applications that use the libnfsidmap library. libnfsidmap provides functions to map between NFSv4 names (which are of the form user@domain) and local uid’s and gid’s.	https://www.kali.org/tools/nfs-utils/
ngrep	ngrep	utils		ngrep,ngrep	Grep for network traffic ngrep strives to provide most of GNU grep’s common features, applying them to the network layer. ngrep is a pcap-aware tool that will allow you to specify extended regular expressions to match against data payloads of packets. It currently recognizes TCP, UDP and ICMP across Ethernet, PPP, SLIP and null interfaces, and	https://www.kali.org/tools/ngrep/
nikto	nikto	information-gathering	侦察	nikto,nikto,replay	Web server security scanner Nikto is a pluggable web server and CGI scanner written in Perl, using rfp’s LibWhisker to perform fast security or informational checks. Features: Easily updatable CSV-format checks database Output reports in plain text or HTML	https://www.kali.org/tools/nikto/
nipper-ng	nipper-ng	identify		nipper-ng,nipper	Device security configuration review tool Nipper-ng is the next generation of nippper, and will always remain free and open source. This software will be used to make observations about the security configurations of many different device types such as routers, firewalls, and switches of a network infrastructure. This is a fork from nipper 0.11.10 release of the GNUv3 GPL code.	https://www.kali.org/tools/nipper-ng/
nishang	nishang	web	执行	nishang,nishang	Collection of PowerShell scripts and payloads Nishang is a framework and collection of scripts and payloads which enables usage of PowerShell for offensive security and post exploitation during Penetration Tests. The scripts are written on the basis of requirement by the author during real Penetration Tests.	https://www.kali.org/tools/nishang/
nmap	nmap	information-gathering	侦察	ncat,ncat,ndiff,ndiff,nmap,nmap,nping,nmap-common,zenmap,zenmap	The Network Mapper Nmap is a utility for network exploration or security auditing. It supports ping scanning (determine which hosts are up), many port scanning techniques, version detection (determine service protocols and application versions listening behind ports), and TCP/IP fingerprinting (remote host OS or device identification). Nmap also	https://www.kali.org/tools/nmap/
nmapsi4	nmapsi4	utils		nmapsi4,nmapsi4	Graphical interface to nmap, the network scanner NmapSI4 is a complete Qt-based Gui with the design goal to provide a complete nmap interface for users, in order to manage all options of this power security net scanner.	https://www.kali.org/tools/nmapsi4/
nuclei	nuclei	information-gathering	侦察	nuclei,nuclei	Fast and customizable vulnerability scanner based on simple YAML based DSL This package contains a fast tool for configurable targeted scanning based on templates offering massive extensibility and ease of use. Nuclei is used to send requests across targets based on a template leading to zero false positives and providing fast scanning on large number of hosts. Nuclei offers scanning for a variety of protocols	https://www.kali.org/tools/nuclei/
obsidian	obsidian	utils	服务与其它工具	obsidian,obsidian	Private and flexible writing app that adapts to the way you think Obsidian stores notes on your device, so you can access them quickly, even offline. With hundreds of plugins and themes, you can shape Obsidian to fit your way of thinking. Obsidian uses open, non-proprietary files, so you’re never	https://www.kali.org/tools/obsidian/
oclgausscrack	oclgausscrack	passwords		oclgausscrack,gausscombinator,gaussfilter,oclgausscrack	Cracks verification hashes of the Gauss Virus The goal of the program is to crack the verification hash of the encrypted payload of the Gauss Virus. Uses OpenCL to accelerate the 10k MD5 loop Uses optimizations also used in oclHashcat-plus for maximum performance Able to handle multi-GPU setups (of the same type)	https://www.kali.org/tools/oclgausscrack/
odat	odat	utils		odat,odat	Oracle Database Attacking Tool This package contains the ODAT (Oracle Database Attacking Tool), an open source penetration testing tool that tests the security of Oracle Databases remotely. Usage examples of ODAT: You have an Oracle database listening remotely and want to find valid SIDs and credentials in order to connect to the database	https://www.kali.org/tools/odat/
offsec-courses	offsec-courses	utils		offsec-awae,offsec-awae-python2,offsec-exp100,offsec-exp301,offsec-pen300,offsec-pwk	Resources for OffSec’s AWAE/WEB-300 This is Kali Linux, the most advanced penetration testing and security auditing distribution. This metapackage depends on the resources required for OffSec’s AWAE/WEB-300/OSWE.	https://www.kali.org/tools/offsec-courses/
ohrwurm	ohrwurm	vulnerability	发现	ohrwurm,ohrwurm	RTP fuzzer ohrwurm is a small and simple RTP fuzzer that has been successfully tested on a small number of SIP phones. Features: - reads SIP messages to get information of the RTP port numbers	https://www.kali.org/tools/ohrwurm/
oletools	oletools	utils	资源开发	oletools,ezhexviewer,ftguess,mraptor,msodde,olebrowse,oledir,olefile,oleid,olemap,olemeta,oleobj,oletimes,olevba,pyxswf,rtfobj	Analyze MS OLE2 files and MS Office documents Tools to analyze Microsoft OLE2 files (also called Structured Storage, Compound File Binary Format or Compound Document File Format), such as Microsoft Office 97-2003 documents, MSI files or Outlook messages, mainly for malware analysis, forensics and debugging. It is based on the olefile parser.	https://www.kali.org/tools/oletools/
ollydbg	ollydbg	forensics	资源开发	ollydbg,ollydbg	32-bit assembler level analysing debugger OllyDbg is a 32-bit assembler level analysing debugger for Microsoft Windows. Emphasis on binary code analysis makes it particularly useful in cases where source is unavailable.	https://www.kali.org/tools/ollydbg/
onesixtyone	onesixtyone	information-gathering	发现	onesixtyone,onesixtyone	Fast and simple SNMP scanner onesixtyone is a simple SNMP scanner which sends SNMP requests for the sysDescr value asynchronously with user-adjustable sending times and then logs the responses which gives the description of the software running on the device. Running onesixtyone on a class B network (switched 100Mbs with 1Gbs	https://www.kali.org/tools/onesixtyone/
openocd	openocd	hardware		openocd,openocd	Open on-chip JTAG/SWD debug solution for embedded target devices OpenOCD aims to provide debugging, in-system programming and boundary-scan testing for embedded target devices. The debugger uses an IEEE 1149-1 compliant JTAG TAP bus master to access on-chip debug functionality available on ARM based microcontrollers or system-on-chip solutions. For MIPS systems the EJTAG interface is supported.	https://www.kali.org/tools/openocd/
openssh	openssh	utils		openssh-client,scp,scp,sftp,sftp,ssh,ssh,ssh-add,ssh-add,ssh-agent,ssh-agent,ssh-argv0,ssh-argv0,ssh-copy-id,ssh-copy-id,ssh-keyscan,ssh-keyscan,openssh-client-udeb,openssh-common,ssh-keygen,openssh-server,sshd,sshd,openssh-server-udeb,openssh-sftp-server,openssh-tests,ssh,ssh-askpass-gnome	Secure shell (SSH) client, for secure access to remote machines This is the portable version of OpenSSH, a free implementation of the Secure Shell protocol as specified by the IETF secsh working group. Ssh (Secure Shell) is a program for logging into a remote machine and for executing commands on a remote machine.	https://www.kali.org/tools/openssh/
openssh-ssh1	openssh-ssh1	utils		openssh-client-ssh1,scp1,ssh-keygen1,ssh1	Secure shell (SSH) client for legacy SSH1 protocol This is the portable version of OpenSSH, a free implementation of the Secure Shell protocol as specified by the IETF secsh working group. Ssh (Secure Shell) is a program for logging into a remote machine and for executing commands on a remote machine.	https://www.kali.org/tools/openssh-ssh1/
openssl	openssl	information-gathering		libcrypto3-udeb,libssl-dev,libssl-doc,libssl3-udeb,libssl3t64,openssl,openssl,openssl-provider-fips,openssl-provider-legacy	Secure Sockets Layer toolkit - cryptographic utility This package is part of the OpenSSL project’s implementation of the SSL and TLS cryptographic protocols for secure communication over the Internet. It contains the general-purpose command line binary /usr/bin/openssl, useful for cryptographic operations such as:	https://www.kali.org/tools/openssl/
opentaxii	opentaxii	utils		opentaxii,opentaxii-add-api-root,opentaxii-add-collection,opentaxii-create-account,opentaxii-delete-blocks,opentaxii-job-cleanup,opentaxii-run-dev,opentaxii-sync-data,opentaxii-update-account,opentaxii-doc	TAXII server implementation from EclecticIQ This package contains a robust Python implementation of TAXII Services that delivers rich feature set and friendly pythonic API built on top of well designed application. OpenTAXII is guaranteed to be compatible with Cabby, TAXII client library.	https://www.kali.org/tools/opentaxii/
openvpn	openvpn	utils		openvpn,openvpn	Virtual private network daemon OpenVPN is an application to securely tunnel IP networks over a single UDP or TCP port. It can be used to access remote sites, make secure point-to-point connections, enhance wireless security, etc. OpenVPN uses all of the encryption, authentication, and certification features provided by the OpenSSL library (any cipher, key size, or	https://www.kali.org/tools/openvpn/
ophcrack	ophcrack	passwords	凭据访问	ophcrack,ophcrack,ophcrack-cli,ophcrack-cli	Microsoft Windows password cracker using rainbow tables (gui) Ophcrack is a Windows password cracker based on a time-memory trade-off using rainbow tables. This is a new variant of Hellman’s original trade-off, with better performance. It recovers 99.9% of alphanumeric passwords in seconds. It works for Windows NT/2000/XP/Vista/7.	https://www.kali.org/tools/ophcrack/
oscanner	oscanner	web	发现	oscanner,oscanner	Oracle assessment framework Oscanner is an Oracle assessment framework developed in Java. It has a plugin-based architecture and comes with a couple of plugins that currently do: Sid Enumeration Passwords tests (common & dictionary)	https://www.kali.org/tools/oscanner/
osrframework	osrframework	identify		osrframework,alias_generator,alias_generator.py,checkfy,checkfy.py,domainfy,domainfy.py,mailfy,mailfy.py,osrf,osrframework-cli,phonefy,phonefy.py,searchfy,searchfy.py,usufy,usufy.py	Open Sources Research Framework This package contains a set of libraries developed by i3visio to perform Open Source Intelligence tasks. They include references to a bunch of different applications related to username checking, DNS lookups, information leaks research, deep web search, regular expressions extraction and many others.	https://www.kali.org/tools/osrframework/
owasp-mantra-ff	owasp-mantra-ff	web	侦察	owasp-mantra-ff,owasp-mantra-ff	Web application security testing framework built on top of Firefox Mantra is a browser especially designed for web application security testing. By having such a product, more people will come to know the easiness and flexibility of being able to follow basic testing procedures within the browser. Mantra believes that having such a portable, easy to use and yet powerful platform can be helpful for the industry.	https://www.kali.org/tools/owasp-mantra-ff/
owl	owl	utils		owl,owl	Open Apple Wireless Direct Link (AWDL) This package contains an open implementation of the Apple Wireless Direct Link (AWDL) ad hoc protocol for Linux and macOS written in C and part of the Open Wireless Link project. OWL runs in user space and makes use of Linux’s Netlink API for Wi-Fi specific operations such as channel switching and to integrate itself in the Linux	https://www.kali.org/tools/owl/
p0f	p0f	information-gathering	发现	p0f,p0f	Passive OS fingerprinting tool p0f performs passive OS detection based on SYN packets. Unlike nmap and queso, p0f does recognition without sending any data. Additionally, it is able to determine the distance to the remote host, and can be used to determine the structure of a foreign or local network. When running on the gateway of a network it is able	https://www.kali.org/tools/p0f/
pack	pack	passwords	凭据访问	pack,dictstat,jpackage,maskgen,pack200,policygen,rulegen,statsgen,unpack200	Password analysis and cracking kit PACK was developed in order to aid in a password cracking competition “Crack Me If You Can” that occurred during Defcon 2010. The goal of this toolkit is to aid in preparation for the “better than bruteforce” password attacks by analyzing common ways that people create	https://www.kali.org/tools/pack/
pack2	pack2	passwords		pack2,pack2,pack200,unpack200	Password analysis and cracking kit 2 This package contains a replacement for iphelix’s PACK. This is a work in progress. Not all features are available and while being similar some will differ slightly. PACK was developed in order to aid in a password cracking competition “Crack Me If You Can” that occurred during Defcon 2010. The goal of this toolkit is	https://www.kali.org/tools/pack2/
pacu	pacu	utils		pacu,pacu	Open Source AWS Exploitation Framework This package contains an open-source AWS exploitation framework, designed for offensive security testing against cloud environments. Created and maintained by Rhino Security Labs, Pacu allows penetration testers to exploit configuration flaws within an AWS account, using modules to easily expand its functionality. Current modules enable a range of attacks, including user	https://www.kali.org/tools/pacu/
padbuster	padbuster	web	防御规避	padbuster,padbuster	Script for performing Padding Oracle attacks PadBuster is a Perl script for automating Padding Oracle Attacks. PadBuster provides the capability to decrypt arbitrary ciphertext, encrypt arbitrary plaintext, and perform automated response analysis to determine whether a request is vulnerable to padding oracle attacks.	https://www.kali.org/tools/padbuster/
paros	paros	web	侦察	paros,paros	Web application proxy Lightweight web application testing proxy	https://www.kali.org/tools/paros/
parsero	parsero	utils	侦察	parsero,parsero	Robots.txt audit tool Parsero is a free script written in Python which reads the Robots.txt file of a web server and looks at the Disallow entries. The Disallow entries tell the search engines what directories or files hosted on a web server mustn’t be indexed. For example, “Disallow: /portal/login” means that the content on www.example.com/portal/login	https://www.kali.org/tools/parsero/
parted	parted	forensics		libparted-dev,libparted-fs-resize0-udeb,libparted-fs-resize0t64,libparted-i18n,libparted2-udeb,libparted2t64,parted,parted,partprobe,parted-doc,parted-udeb	Disk partition manipulator GNU Parted is a program that allows you to create, destroy, resize, move, and copy disk partitions. This is useful for creating space for new operating systems, reorganizing disk usage, and copying data to new hard disks. This package contains the binary and manual page. Further	https://www.kali.org/tools/parted/
pasco	pasco	forensics	数字取证	pasco,pasco	Internet Explorer cache forensic analysis tool Pasco is a forensic tool that examines the content of cache files (index.dat) produced by Microsoft Internet Explorer. It parses the file and outputs a field separated that can be loaded in a spreadsheet. This package is useful in forensics investigations.	https://www.kali.org/tools/pasco/
passdetective	passdetective	utils		passdetective	CLI tool that scans shell command history This package contains a command-line tool that scans the shell command history for mistakenly written passwords, API keys, and secrets. It uses regular expressions to identify potential sensitive information and helps avoid accidentally exposing sensitive data in the command history.	https://www.kali.org/tools/passdetective/
passing-the-hash	passing-the-hash	passwords	防御规避	passing-the-hash,pth-curl,pth-net,pth-rpcclient,pth-smbclient,pth-smbget,pth-sqsh,pth-winexe,pth-wmic,pth-wmis	Patched tools to use password hashes as authentication input This package contains modified versions of Curl, Iceweasel, FreeTDS, Samba 4, WinEXE and WMI. They are installed as executables starting with the “pth-” string.	https://www.kali.org/tools/passing-the-hash/
patator	patator	web	凭据访问	patator,patator	Multi-purpose brute-forcer Patator is a multi-purpose brute-forcer, with a modular design and a flexible usage. Currently it supports the following modules: ftp_login : Brute-force FTP ssh_login : Brute-force SSH	https://www.kali.org/tools/patator/
patchleaks	patchleaks	utils		patchleaks	Go from a CVE number to the exact patched code and its vulnerability analysis This package contains a tool to compare two versions of a code‑base, highlight lines changed by vendor, and explain why they matter. Feed the tool an old and a patched version; PatchLeaks spots the security fix and provides detailed description so you can validate—or weaponize—it fast.	https://www.kali.org/tools/patchleaks/
payloadsallthethings	payloadsallthethings	utils		payloadsallthethings,payloadsallthethings	Collection of useful payloads and bypasses A list of useful payloads and bypasses for Web Application Security and Pentest/CTF.	https://www.kali.org/tools/payloadsallthethings/
pdf-parser	pdf-parser	forensics	数字取证	pdf-parser,pdf-parser	Parses PDF files to identify fundamental elements This tool will parse a PDF document to identify the fundamental elements used in the analyzed file. It will not render a PDF document.	https://www.kali.org/tools/pdf-parser/
pdfcrack	pdfcrack	passwords		pdfcrack,pdfcrack	PDF files password cracker PDFCrack is a simple tool for recovering passwords from pdf-documents. It should be able to handle all pdfs that uses the standard security handler but the pdf-parsing routines are a bit of a quick hack so you might stumble across some pdfs where the parser needs to be fixed to handle. The main PDFCrack features are:	https://www.kali.org/tools/pdfcrack/
pdfid	pdfid	forensics	数字取证	pdfid,pdfid	Scans PDF files for certain PDF keywords This tool is not a PDF parser, but it will scan a file to look for certain PDF keywords, allowing you to identify PDF documents that contain (for example) JavaScript or execute an action when opened. PDFiD will also handle name obfuscation.	https://www.kali.org/tools/pdfid/
peass-ng	peass-ng	vulnerability	权限提升	peass,linpeas,peass,winpeas	Privilege Escalation Awesome Scripts SUITE Privilege escalation tools for Windows and Linux/Unix* and MacOS. These tools search for possible local privilege escalation paths that you could exploit and print them to you with nice colors so you can recognize the misconfigurations easily.	https://www.kali.org/tools/peass-ng/
peirates	peirates	utils		peirates,peirates	Kubernetes Penetration Testing tool This package contains a Kubernetes penetration tool, enables an attacker to escalate privilege and pivot through a Kubernetes cluster. It automates known techniques to steal and collect service accounts, obtain further code execution, and gain control of the cluster.	https://www.kali.org/tools/peirates/
penelope	penelope	utils	命令与控制	penelope,penelope	Advanced shell handler for penetration testing and CTFs Penelope is a modern shell handler designed for penetration testers and CTF players. It provides a highly capable alternative to basic netcat listeners, streamlining reverse and bind shell management during post-exploitation. It operates entirely using the Python standard library, requiring no external dependencies.	https://www.kali.org/tools/penelope/
perl-cisco-copyconfig	perl-cisco-copyconfig	vulnerability		perl-cisco-copyconfig	Provides methods for manipulating Cisco devices Cisco::CopyConfig provides methods for manipulating the running-config of Cisco devices running IOS via SNMP directed TFTP. This is handy for making changes or backups on many devices without having to log into each device or write messy expect type scripts that need constant tweaking.	https://www.kali.org/tools/perl-cisco-copyconfig/
phishery	phishery	utils		phishery,phishery	Basic Auth Credential Harvester with Word Doc Template Injector This package contains a Simple SSL Enabled HTTP server with the primary purpose of phishing credentials via Basic Authentication. The power of phishery is best demonstrated by setting a Word document’s template to a phishery URL. This causes Microsoft Word to make a request to the URL, resulting in an Authentication Dialog being shown to the end-user. The	https://www.kali.org/tools/phishery/
photon	photon	utils	侦察	photon,photon	Incredibly fast crawler designed for open source intelligence This package includes a fast and flexible crawler designed for open source intelligence (OSINT). Photon can extract the following data while crawling: URLs (in-scope & out-of-scope) URLs with parameters (example.com/gallery.php?id=2)	https://www.kali.org/tools/photon/
php-defaults	php-defaults	web		libapache2-mod-php,libphp-embed,php,php-all-dev,php-bcmath,php-bz2,php-cgi,php-cgi.default,php-cli,phar.default,phar.phar.default,php.default,php-common,phpdismod,phpenmod,phpquery,php-curl,php-dev,php-config.default,phpize.default,php-enchant,php-fpm,php-gd,php-gmp,php-interbase,php-intl,php-json,php-ldap,php-mbstring,php-mysql,php-odbc,php-pgsql,php-phpdbg,phpdbg.default,php-readline,php-snmp,php-soap,php-sqlite3,php-sybase,php-tidy,php-xml,php-zip	Server-side, HTML-embedded scripting language (Apache 2 module) (default) This package provides the PHP module for the Apache 2 webserver. PHP (recursive acronym for PHP: Hypertext Preprocessor) is a widely-used open source general-purpose scripting language that is especially suited for web development and can be embedded into HTML. This package is a dependency package, which depends on latest stable	https://www.kali.org/tools/php-defaults/
phpggc	phpggc	utils	持久化	phpggc,phpggc	Generate payloads that exploit unsafe object deserialization PHPGGC is a library of payloads exploiting unsafe object deserialization. It also provides a command-line tool to generate them.	https://www.kali.org/tools/phpggc/
phpsploit	phpsploit	utils		phpsploit,phpsploit	Stealth post-exploitation framework This package contains a remote control framework, aiming to provide a stealth interactive shell-like connection over HTTP between client and web server. It is a post-exploitation tool capable to maintain access to a compromised web server for privilege escalation purposes.	https://www.kali.org/tools/phpsploit/
pipal	pipal	passwords	服务与其它工具	pipal,pipal	Statistical analysis on password dumps All this tool does is to give you the stats and the information to help you analyse the passwords. The real work is done by you in interpreting the results.	https://www.kali.org/tools/pipal/
pixiewps	pixiewps	wireless	凭据访问	pixiewps,pixiewps	Offline WPS bruteforce tool Pixiewps is a tool written in C used to bruteforce offline the WPS pin exploiting the low or non-existing entropy of some APs (pixie dust attack). It is meant for educational purposes only.	https://www.kali.org/tools/pixiewps/
plaso	plaso	forensics		plaso,python3-plaso,plaso-image_export,plaso-log2timeline,plaso-pinfo,plaso-psort,plaso-psteal	Super timeline all the things – metapackage This is a metapackage that depends on the Python 3 package of the Plaso libraries and scripts.	https://www.kali.org/tools/plaso/
plocate	plocate	utils		plocate,plocate,plocate-build,updatedb.plocate	Much faster locate plocate is a locate(1) based on posting lists, giving much faster searches on a much smaller index. It is a drop-in replacement for mlocate in nearly all aspects, and is fast on SSDs and non-SSDs alike.	https://www.kali.org/tools/plocate/
pnscan	pnscan	utils		pnscan,pnscan,t_listen	Multi threaded port scanner Pnscan is a multi threaded port scanner that can scan a large network very quickly. If does not have all the features that nmap have but is much faster.	https://www.kali.org/tools/pnscan/
pocsuite3	pocsuite3	utils		pocsuite3,poc-console,pocsuite	Open-sourced remote vulnerability testing framework Pocsuite3 is an open-sourced remote vulnerability testing and proof-of-concept development framework developed by the Knownsec 404 Team. It comes with a powerful proof-of-concept engine, many nice features for the ultimate penetration testers and security researchers.	https://www.kali.org/tools/pocsuite3/
polenum	polenum	information-gathering		polenum,polenum	Extracts the password policy from a Windows system polenum is a Python script which uses the Impacket Library from CORE Security Technologies to extract the password policy information from a windows machine. This allows a non-windows (Linux, Mac OSX, BSD etc..) user to query the password policy of a remote windows box without the need to have access to a windows machine.	https://www.kali.org/tools/polenum/
pompem	pompem	utils	资源开发	pompem,pompem	Exploit and Vulnerability Finder Find exploit with a system of advanced search, designed to automate the search for Exploits and Vulnerability in the most important databases facilitating the work of pentesters, ethical hackers and forensics expert. Performs searches in databases: PacketStorm security, CXSecurity, ZeroDay, Vulners, National Vulnerability Database, WPScan Vulnerability Database. This tool is essential	https://www.kali.org/tools/pompem/
portspoof	portspoof	utils	服务与其它工具	portspoof,portspoof,portspoof-start,portspoof-stop	Enhance OS security through a set of techniques This package contains a service to enhance OS security through a set of following techniques: * All 65535 TCP ports are always open Instead of informing an attacker that a particular port is in a CLOSED or FILTERED state Portspoof will return SYN+ACK for every port connection	https://www.kali.org/tools/portspoof/
poshc2	poshc2	utils		poshc2	Proxy aware C2 framework This package contains a proxy aware C2 framework used to aid penetration testers with red teaming, post-exploitation and lateral movement. PoshC2 is primarily written in Python3 and follows a modular format to enable users to add their own modules and tools, allowing an extendible and flexible C2 framework. Out-of-the-box PoshC2 comes PowerShell/C# and Python3 implants	https://www.kali.org/tools/poshc2/
powercat	powercat	windows-resources	命令与控制	powercat,powercat	Netcat features all in powershell v2 This package contains a netcat powershell version. It’s a simple utility which reads and writes data across network connections using DNS or UDP protocol.	https://www.kali.org/tools/powercat/
powershell	powershell	utils	服务与其它工具	powershell,pwsh,pwsh	PowerShell is an automation and configuration management platform. It consists of a cross-platform command-line shell and associated scripting language.	https://www.kali.org/tools/powershell/
powershell-empire	powershell-empire	utils	命令与控制	powershell-empire,powershell-empire,starkiller,starkiller-start,starkiller-stop	PowerShell and Python post-exploitation agent This package contains a post-exploitation framework that includes a pure-PowerShell2.0 Windows agent, and a pure Python Linux/OS X agent. It is the merge of the previous PowerShell Empire and Python EmPyre projects. The framework offers cryptologically-secure communications and a flexible architecture. On the PowerShell side, Empire implements the ability to run	https://www.kali.org/tools/powershell-empire/
powersploit	powersploit	post-exploitation	执行	powersploit,powersploit	PowerShell Post-Exploitation Framework PowerSploit is a series of Microsoft PowerShell scripts that can be used in post-exploitation scenarios during authorized penetration tests.	https://www.kali.org/tools/powersploit/
princeprocessor	princeprocessor	utils		princeprocessor,princeprocessor	Standalone password candidate generator using the PRINCE algorithm Princeprocessor is a password candidate generator and can be thought of as an advanced combinator attack. Rather than taking as input two different wordlists and then outputting all the possible two word combinations though, princeprocessor only has one input wordlist and builds “chains” of combined words. These chains can have 1 to N words from the input wordlist	https://www.kali.org/tools/princeprocessor/
procps	procps	information-gathering		libproc2-1,libproc2-dev,procps,free,hugetop,kill,pgrep,pidwait,pkill,pmap,ps,pwdx,skill,slabtop,snice,sysctl,tload,top,uptime,vmstat,w,watch	/proc file system utilities This package provides command line and full screen utilities for browsing procfs, a “pseudo” file system dynamically generated by the kernel to provide information about the status of entries in its process table (such as whether the process is running, stopped, or a “zombie”). It contains free, kill, pkill, pgrep, pmap, ps, pwdx, skill, slabtop,	https://www.kali.org/tools/procps/
protos-sip	protos-sip	vulnerability	发现	protos-sip,protos-sip	SIP test suite The purpose of this test-suite is to evaluate implementation level security and robustness of Session Initiation Protocol (SIP) implementations.	https://www.kali.org/tools/protos-sip/
proxify	proxify	utils		proxify,mitmrelay,proxify,replay-proxify	Swiss Army knife Proxy tool for HTTP/HTTPS traffic capture, manipulation This package contains a Swiss Army Knife Proxy for rapid deployments. It supports multiple operations such as request/response dump, filtering and manipulation via DSL language, upstream HTTP/Socks5 proxy. Additionally a replay utility allows to import the dumped traffic (request/responses with correct domain name) into burp or any other proxy by simply setting the	https://www.kali.org/tools/proxify/
proximoth	proximoth	utils		proximoth,proximoth	Control Frame Attack Vulnerability Detection Tool Proximoth is a command-line tool to detect Wi-Fi devices in proximity with Control Frame Attack.	https://www.kali.org/tools/proximoth/
proxmark3	proxmark3	wireless		proxmark3,proxmark3,proxmark3-common,pm3,pm3-flash,pm3-flash-all,pm3-flash-bootrom,pm3-flash-fullimage,proxmark3-doc,proxmark3-firmwares	Firmware, flasher, and client for the Proxmark3 This package contains the client and tools for the Proxmark3. It is dedicated to bringing the most out of the new features for Proxmark3 RDV4.0 new hardware and design but it will also support older hardware revisions.	https://www.kali.org/tools/proxmark3/
proxychains-ng	proxychains-ng	web	命令与控制	libproxychains4,proxychains4,proxychains4,proxychains4-daemon	Runtime shared library for proxychains-ng Proxychains is a UNIX program, that hooks network-related libc functions in dynamically linked programs via a preloaded DLL (dlsym(), LD_PRELOAD) and redirects the connections through SOCKS4a/5 or HTTP proxies. It supports TCP only (no UDP/ICMP etc). This project, proxychains-ng, is the continuation of the unmaintained	https://www.kali.org/tools/proxychains-ng/
proxytunnel	proxytunnel	web	命令与控制	proxytunnel,proxytunnel	Help SSH and other protocols through HTTP(S) proxies Proxytunnel creates tunnels through HTTP(S) proxies for any TCP based protocol. It comes in handy when one sits behind a firewall that allows for HTTP(S) traffic only. The program connects stdin and stdout to an origin server somewhere in the Internet through an industry standard HTTP or HTTPS proxy. It was originally	https://www.kali.org/tools/proxytunnel/
pskracker	pskracker	utils		pskracker,pskracker,pskracker-data	Collection of WPA/WPA2/WPS default keys generators/pingens This package contains a collection of WPA/WPA2/WPS default algorithms/password generators/pingens written in C. This is useful for testing/auditing wireless networks and contains bleeding edge algorithms.	https://www.kali.org/tools/pskracker/
pspy	pspy	utils	发现	pspy,pspy,pspy-binaries	Monitor Linux processes without root permissions pspy is a command line tool designed to snoop on processes without need for root permissions. It allows you to see commands run by other users, cron jobs, etc. as they execute. Great for enumeration of Linux systems in CTFs. Also great to demonstrate your colleagues why passing secrets as arguments on the command line is a bad idea.	https://www.kali.org/tools/pspy/
ptunnel	ptunnel	post-exploitation	命令与控制	ptunnel,ptunnel	Tunnel TCP connections over ICMP packets ptunnel is an application that allows you to reliably tunnel TCP connections to a remote host using ICMP echo request and reply packets, commonly known as ping requests and replies. It acts as a proxy and can handle sockets and secured identification. Those features can be very handy when working in a closed networking	https://www.kali.org/tools/ptunnel/
pwnat	pwnat	post-exploitation	命令与控制	pwnat,pwnat	NAT to NAT client-server communication pwnat, pronounced “poe-nat”, is a tool that allows any number of clients behind NATs to communicate with a server behind a separate NAT with no port forwarding	https://www.kali.org/tools/pwnat/
pwncat	pwncat	utils		pwncat,pwncat	Netcat on steroids This package contains Netcat on steroids with Firewall, IDS/IPS evasion, bind and reverse shell, self-injecting shell and port forwarding magic - and its fully scriptable with Python (PSE).	https://www.kali.org/tools/pwncat/
pyinstaller	pyinstaller	utils	资源开发	pyinstaller,pyi-archive_viewer,pyi-bindepend,pyi-grab_version,pyi-makespec,pyi-set_version,pyinstaller,python3-pyinstaller	Utility to bundle a Python application into a single package PyInstaller reads a Python script written by you. It analyzes your code to discover every other module and library your script needs in order to execute. Then it collects copies of all those files and puts them with your script in a single folder, or optionally in a single executable file. This package contains the executables. It depends on ‘python3-pyinstaller’,	https://www.kali.org/tools/pyinstaller/
pyinstxtractor	pyinstxtractor	utils		pyinstxtractor,pyinstxtractor	PyInstalller Extractor PyInstaller Extractor is a Python script to extract the contents of a PyInstaller generated executable file.	https://www.kali.org/tools/pyinstxtractor/
python-defaults	python-defaults	utils		libpython-all-dbg,libpython-all-dev,libpython2-dbg,x86_64-linux-gnu-python2-dbg-config,libpython2-dev,x86_64-linux-gnu-python2-config,libpython2-stdlib,python-all,python-all-dbg,python-all-dev,python2,pdb2,pydoc2,pygettext2,python2-dbg,python2-dbg,python2-dbg-config,python2-dev,python2-config,python2-doc,python2-minimal,pyclean,pycompile,python2,pyversions	Package depending on all supported Python2 debugging packages The package currently depends on libpython2.7-dbg, in the future, dependencies on jython (Python2 for a JVM) and ironpython (Python2 for Mono) may be added. This package is a dependency package used as a build dependency for other packages to avoid hardcoded dependencies on specific Python2 debug packages.	https://www.kali.org/tools/python-defaults/
python-faraday	python-faraday	reporting	服务与其它工具	faraday,faraday,faraday-manage,faraday-server,faraday-start,faraday-stop,faraday-worker,faraday-worker-gevent,python-faraday,python-faraday	root@kali:~# python-faraday -h ┏━(Message from Kali developers) ┃ ┃ Please wait for the faraday service to start ┃ ..........	https://www.kali.org/tools/python-faraday/
python-ldapdomaindump	python-ldapdomaindump	information-gathering		python3-ldapdomaindump,ldapdomaindump,ldd2bloodhound,ldd2pretty	Active Directory information dumper via LDAP (Python 3) This package contains an Active Directory information dumper via LDAP. In an Active Directory domain, a lot of interesting information can be retrieved via LDAP by any authenticated user (or machine). This makes LDAP an interesting protocol for gathering information in the recon phase of a pentest of an internal network. A problem is that data from LDAP often is not available in	https://www.kali.org/tools/python-ldapdomaindump/
python-pip	python-pip	forensics		python3-pip,pip,pip3,python3-pip-whl	Python package installer pip is the Python package installer. It integrates with virtualenv, doesn’t do partial installs, can save package state for replaying, can install from non-egg sources, and can install from version control repositories. This is the Python 3 version of the package.	https://www.kali.org/tools/python-pip/
python-pipx	python-pipx	utils		pipx,pipx	Execute binaries from Python packages in isolated environments pipx allows you to… Run the latest version of a CLI application from a package in a temporary virtual environment, leaving your system untouched after it finishes. Install packages to isolated virtual environments,	https://www.kali.org/tools/python-pipx/
python-virtualenv	python-virtualenv	utils		python3-virtualenv,virtualenv,virtualenv	Python virtual environment creator virtualenv is a tool to create isolated Python environments, each invokable with its own Python executable. Each instance can have different sets of modules, installable via pip. Virtual Python instances can also be created without root access. Since Python 3.3, a subset of it has been integrated into the standard library	https://www.kali.org/tools/python-virtualenv/
qemu	qemu	hardware		qemu-block-extra,qemu-guest-agent,qemu-ga,qemu-system,qemu-system-arm,qemu-system-aarch64,qemu-system-arm,qemu-system-arm64,qemu-system-armel,qemu-system-armhf,qemu-system-common,qemu-pr-helper,qemu-vmsr-helper,qemu-system-data,qemu-system-gui,qemu-system-mips,qemu-system-mips,qemu-system-mips64,qemu-system-mips64el,qemu-system-mipsel,qemu-system-misc,qemu-system-alpha,qemu-system-avr,qemu-system-hexagon,qemu-system-hppa,qemu-system-loong64,qemu-system-loongarch64,qemu-system-m68k,qemu-system-microblaze,qemu-system-or1k,qemu-system-rx,qemu-system-sh4,qemu-system-sh4eb,qemu-system-tricore,qemu-system-xtensa,qemu-system-xtensaeb,qemu-system-modules-opengl,qemu-system-modules-spice,qemu-system-ppc,qemu-system-powerpc,qemu-system-ppc,qemu-system-ppc64,qemu-system-ppc64el,qemu-system-ppc64le,qemu-system-riscv,qemu-system-riscv32,qemu-system-riscv64,qemu-system-s390x,qemu-system-s390x,qemu-system-sparc,qemu-system-sparc,qemu-system-sparc64,qemu-system-x86,kvm,qemu-system-amd64,qemu-system-i386,qemu-system-x86_64,qemu-system-x86_64-microvm,qemu-system-xen,qemu-user,qemu-aarch64,qemu-aarch64_be,qemu-alpha,qemu-amd64,qemu-arm,qemu-arm64,qemu-armeb,qemu-armel,qemu-armhf,qemu-hexagon,qemu-hppa,qemu-i386,qemu-loong64,qemu-loongarch64,qemu-m68k,qemu-microblaze,qemu-microblazeel,qemu-mips,qemu-mips64,qemu-mips64el,qemu-mipsel,qemu-mipsn32,qemu-mipsn32el,qemu-or1k,qemu-powerpc,qemu-ppc,qemu-ppc64,qemu-ppc64el,qemu-ppc64le,qemu-riscv32,qemu-riscv64,qemu-s390x,qemu-sh4,qemu-sh4eb,qemu-sparc,qemu-sparc32plus,qemu-sparc64,qemu-x86_64,qemu-xtensa,qemu-xtensaeb,qemu-user-binfmt,qemu-utils,qemu-img,qemu-io,qemu-nbd,qemu-storage-daemon	Extra block backend modules for qemu-system and qemu-utils QEMU is a fast processor emulator: currently the package supports Alpha, ARM, CRIS, i386, LoongArch, M68k (ColdFire), MicroBlaze, MIPS, PowerPC, RISC-V, S390x, SH4, SPARC, x86-64, Xtensa and other emulations. By using dynamic translation it achieves reasonable speed while being easy to port on new host CPUs.	https://www.kali.org/tools/qemu/
qsreplace	qsreplace	utils		qsreplace,qsreplace	Accept URLs on stdin, replace all query string values with a user-supplied value Accept URLs on stdin, replace all query string values with a user-supplied value, only output each combination of query string parameters once per host and path.	https://www.kali.org/tools/qsreplace/
qsslcaudit	qsslcaudit	information-gathering		qsslcaudit,qsslcaudit	Test SSL/TLS clients how secure they are This tool can be used to determine if an application that uses TLS/SSL for its data transfers does this in a secure way.	https://www.kali.org/tools/qsslcaudit/
quark-engine	quark-engine	utils		quark-engine,freshquark,quark	Android Malware (Analysis | Scoring System) Quark-Engine is a full-featured Android analysis framework written in Python for hunting threat intelligence inside the APK, DEX files. Since it is rule-based, you can use the ones built-in or customize as needed. With ideas decoded from criminal law, Quark-Engine has its unique	https://www.kali.org/tools/quark-engine/
radare2	radare2	forensics	资源开发	libradare2-6.0.0t64,libradare2-common,libradare2-dev,radare2,r2,r2agent,r2pm,r2r,r2sdb,rabin2,radare2,radiff2,rafind2,ragg2,rahash2,rapatch2,rarun2,rasign2,rasm2,ravc2,rax2	Free and advanced command line hexadecimal editor The project aims to create a complete, portable, multi-architecture, unix-like toolchain for reverse engineering. It is composed by an hexadecimal editor (radare) with a wrapped IO layer supporting multiple backends for local/remote files, debugger (OS X, BSD, Linux, W32), stream analyzer, assembler/disassembler (rasm)	https://www.kali.org/tools/radare2/
rainbowcrack	rainbowcrack	passwords	凭据访问	rainbowcrack,rcrack,rt2rtc,rtc2rt,rtgen,rtmerge,rtsort	Rainbow table password cracker RainbowCrack is a general propose implementation of Philippe Oechslin’s faster time-memory trade-off technique. It crack hashes with rainbow tables. RainbowCrack uses time-memory tradeoff algorithm to crack hashes. It differs from the hash crackers that use brute	https://www.kali.org/tools/rainbowcrack/
rake	rake	information-gathering		rake,rake	Ruby make-like utility Rake is a simple ruby build program with capabilities similar to make. Rake has the following features: Rakefiles (rakes version of Makefiles) are completely defined in standard Ruby syntax. No XML files to edit. No quirky Makefile syntax to worry about (is that a tab or a space?)	https://www.kali.org/tools/rake/
rarcrack	rarcrack	passwords		rarcrack,rarcrack	Password cracker for rar archives This program uses a brute force algorithm to guess your encrypted compressed file’s password. This program can crack zip, 7z, and rar file passwords.	https://www.kali.org/tools/rarcrack/
raven	raven	utils	数据外泄	raven,raven	Python tool that extends the capabilities of the http.server Python module This package contains a Python tool that extends the capabilities of the http.server Python module by offering a self-contained file upload web server. While the common practice is to use python3 -m http.server 80 to serve files for remote client downloads, Raven addresses the need for a similar solution when you need the ability to receive files from remote clients. This becomes	https://www.kali.org/tools/raven/
rcracki-mt	rcracki-mt	passwords	凭据访问	rcracki-mt,rcracki_mt	Version of rcrack that supports hybrid and indexed tables rcracki_mt is our modified version of rcrack which supports hybrid and indexed tables. In addition to that, it also adds multi-core support	https://www.kali.org/tools/rcracki-mt/
rdesktop	rdesktop	information-gathering	横向移动	rdesktop,rdesktop	RDP client for Windows NT/2000 Terminal Server and Windows Servers rdesktop is an open source client for Windows NT/2000 Terminal Server and Windows Server 2003/2008. Capable of natively speaking its Remote Desktop Protocol (RDP) in order to present the user’s Windows desktop. Unlike Citrix ICA, no server extensions are required. Rdesktop is in need of a new upstream maintainter. Please see the home page	https://www.kali.org/tools/rdesktop/
readpe	readpe	forensics		libpe-dev,libpe1t64,readpe,ofs2rva,pedis,pehash,peldd,pepack,peres,pescan,pesec,pestr,readpe,rva2ofs	Command-line tools to manipulate Windows PE files readpe is a toolkit designed to analyze Microsoft Windows PE (Portable Executable) binary files. Its tools can parse and compare PE32/PE32+ executable files (EXE, DLL, OCX, etc), and analyze them in search of suspicious characteristics. It can be used to get information from those executable files, such as	https://www.kali.org/tools/readpe/
reaver	reaver	wireless	侦察	reaver,reaver,wash	Brute force attack tool against Wi-Fi Protected Setup PIN number Reaver performs a brute force attack against an access point’s Wi-Fi Protected Setup pin number. Once the WPS pin is found, the WPA PSK can be recovered and alternately the AP’s wireless settings can be reconfigured. This package also provides the Wash executable, an utility for identifying WPS	https://www.kali.org/tools/reaver/
rebind	rebind	sniffing-spoofing	初始访问	rebind,dns-rebind	DNS rebinding tool Rebind is a tool that implements the multiple A record DNS rebinding attack. Although this tool was originally written to target home routers, it can be used to target any public (non RFC1918) IP address. Rebind provides an external attacker access to a target	https://www.kali.org/tools/rebind/
recon-ng	recon-ng	information-gathering	侦察	recon-ng,recon-cli,recon-ng,recon-web	Web Reconnaissance framework written in Python Recon-ng is a full-featured Web Reconnaissance framework written in Python. Complete with independent modules, database interaction, built in convenience functions, interactive help, and command completion, Recon-ng provides a powerful environment in which open source web-based reconnaissance can be conducted quickly and thoroughly.	https://www.kali.org/tools/recon-ng/
reconspider	reconspider	utils		reconspider,reconspider	OSINT Framework for scanning IP Address, Emails, Websites, Organizations This package contains Advanced Open Source Intelligence (OSINT) Framework for scanning IP Address, Emails, Websites, Organizations and find out information from different sources. ReconSpider can be used by Infosec Researchers, Penetration Testers, Bug Hunters and Cyber Crime Investigators to find deep information about their	https://www.kali.org/tools/reconspider/
recordmydesktop	recordmydesktop	reporting	服务与其它工具	recordmydesktop,recordmydesktop	Captures audio-video data of a Linux desktop session The application produces an ogg-encapsulated theora-vorbis file. recordMyDesktop tries to be as unobstrusive as possible by proccessing only regions of the screen that have changed	https://www.kali.org/tools/recordmydesktop/
recoverdm	recoverdm	forensics	数字取证	recoverdm,mergebad,recoverdm	Recover files on disks with damaged sectors recoverdm recover disks with bad sectors. You can recover files as well complete devices. In case it finds sectors which simply cannot be recovered, it writes an empty sector to the output file and continues. When recovering a CD or a DVD and the program cannot read the sector in “normal mode”, then the program will try to read the sector in “RAW mode”	https://www.kali.org/tools/recoverdm/
recoverjpeg	recoverjpeg	forensics	数字取证	recoverjpeg,recoverjpeg,recovermov,remove-duplicates,sort-pictures	Recover JFIF (JPEG) pictures and MOV movies recoverjpeg tries to recover JFIF (JPEG) pictures and MOV movies from a peripheral. This may be useful if you mistakenly overwrite a partition or if a device such as a digital camera memory card is bogus. This package provides these executables: recoverjpeg, recovermov, remove-duplicates and sort-pictures. The remove-duplicates is useful to	https://www.kali.org/tools/recoverjpeg/
redfang	redfang	wireless	侦察	redfang,fang	Locates non-discoverable bluetooth devices fang is a small proof-of-concept application to find non discoveredable bluetooth devices. This is done by brute forcing the last six (6) bytes of the bluetooth address of the device and doing a read_remote_name().	https://www.kali.org/tools/redfang/
redsnarf	redsnarf	utils		redsnarf,redsnarf	Pentesting tool for retrieving credentials from Windows workstations This package contains a pentesting / redteaming tool by Ed Williams for retrieving hashes and credentials from Windows workstations, servers and domain controllers using OpSec Safe Techniques. RedSnarf functionality includes: Retrieval of local SAM hashes Enumeration of user/s running with elevated system privileges and their	https://www.kali.org/tools/redsnarf/
redsocks	redsocks	web		redsocks,redsocks	Arbitrary TCP connection redirector to a SOCKS or HTTPS proxy server Redsocks is a daemon running on the local system, that will transparently tunnel any TCP connection via a remote SOCKS4, SOCKS5 or HTTP proxy server. It uses the system firewall’s redirection facility to intercept TCP connections, thus the redirection is system-wide, with fine-grained control, and does not depend on LD_PRELOAD libraries.	https://www.kali.org/tools/redsocks/
reglookup	reglookup	forensics	数字取证	libregfi-dev,libregfi1t64,python3-pyregfi,reglookup,reglookup,reglookup-recover,reglookup-timeline,reglookup-doc	Utility to analysis for Windows NT-based registry RegLookup is a system to direct analysis of Windows NT-based registry files providing command line tools, a C API, and a Python module for accessing registry data structures. The project has a focus on providing tools for digital forensics investigations (though is useful for many purposes), and includes algorithms for retrieving deleted data structures	https://www.kali.org/tools/reglookup/
regripper	regripper	forensics	数字取证	regripper,regripper	Perform forensic analysis of registry hives Regripper’s CLI tool can be used to surgically extract, translate, and display information (both data and metadata) from Registry-formatted files via plugins in the form of Perl-scripts. It allows the analyst to select a hive-file to parse and a plugin or a profile, which is a list of plugins to run against the given hive. The results go to STDOUT and	https://www.kali.org/tools/regripper/
rekono-kbx	rekono-kbx	utils		rekono-kbx,rekono	Automation platform for pentesting Rekono is an automation platform that combines different hacking tools to complete pentesting processes. Rekono combines other hacking tools and its results to execute complete pentesting processes against a target in an automated way. The findings obtained during the executions will be sent to the user via email or	https://www.kali.org/tools/rekono-kbx/
rephrase	rephrase	forensics		rephrase,rephrase	Specialized passphrase recovery tool for GnuPG If you can nearly remember your GnuPG passphrase - but not quite - then Rephrase may be able to help. Tell Rephrase the parts of the passphrase you know, and any number of alternatives for the parts you’re not sure about; and Rephrase will try all the alternatives, in all possible combinations, and tell you which combination (if any) gives you the correct passphrase.	https://www.kali.org/tools/rephrase/
requests	requests	information-gathering		python-requests-doc,python3-requests	Elegant and simple HTTP library for Python (Documentation) Requests allow you to send HTTP/1.1 requests. You can add headers, form data, multipart files, and parameters with simple Python dictionaries, and access the response data in the same way. It’s powered by httplib and urllib3, but it does all the hard work and crazy hacks for you. Features	https://www.kali.org/tools/requests/
responder	responder	sniffing-spoofing	凭据访问	responder,responder	LLMNR/NBT-NS/mDNS Poisoner This package contains Responder/MultiRelay, an LLMNR, NBT-NS and MDNS poisoner. It will answer to specific NBT-NS (NetBIOS Name Service) queries based on their name suffix (see: http://support.microsoft.com/kb/163409) . By	https://www.kali.org/tools/responder/
rev-proxy-grapher	rev-proxy-grapher	utils		rev-proxy-grapher,rev-proxy-grapher	Reverse proxy grapher This package contains a useful little tool that will generate a nice graphviz graph illustrating your reverse proxy flow. It takes a manually curated YAML file describing the topology of your network, proxy definitions, and optionally a collection of nmap output files for additional port/service information and output a graph in any format supported by graphviz.	https://www.kali.org/tools/rev-proxy-grapher/
rfcat	rfcat	wireless	侦察	rfcat,rfcat,rfcat_bootloader,rfcat_msfrelay,rfcat_server	Swiss army knife of sub-GHz radio Rfcat is a sub GHz analysis tool. The goals of the project are to reduce the time for security researchers to create needed tools for analyzing unknown targets, to aid in reverse-engineering of hardware.	https://www.kali.org/tools/rfcat/
rfdump	rfdump	wireless		rfdump,rfdump	Tool to decode RFID tag data RFDump is a tool to decode RFID tags and show their meta information: tag ID, tag type, manufacturer etc. The user data memory of a tag can be displayed and modified using either a hex or an ASCII editor. In addition, the integrated cookie feature demonstrates how easy it is for a company to abuse RFID technology to spy on their customers.	https://www.kali.org/tools/rfdump/
ridenum	ridenum	utils		ridenum,ridenum	Null session RID cycle attack tool Rid Enum is a RID cycling attack that attempts to enumerate user accounts through null sessions and the SID to RID enum. If you specify a password file, it will automatically attempt to brute force the user accounts when its finished enumerating.	https://www.kali.org/tools/ridenum/
rifiuti	rifiuti	forensics	数字取证	rifiuti,rifiuti	MS Windows recycle bin analysis tool Rifiuti is a tool to examine the INFO2 files. The INFO2 file gives meta information about the files found in the MS Windows recycle bin. This package is useful in forensics investigations.	https://www.kali.org/tools/rifiuti/
rifiuti2	rifiuti2	forensics	数字取证	rifiuti2,rifiuti-vista,rifiuti2	Replacement for rifiuti, a MS Windows recycle bin analysis tool Rifiuti2 analyses recycle bin files from Windows. Analysis of Windows recycle bin is usually carried out during Windows computer forensics. Rifiuti2 can extract file deletion time, original path and size of deleted files and whether the deleted files have been moved out from the recycle bin since they are trashed.	https://www.kali.org/tools/rifiuti2/
rizin	rizin	forensics	资源开发	librizin-common,librizin-dev,librizin0,rizin,rizin,rz-ar,rz-asm,rz-ax,rz-bin,rz-diff,rz-find,rz-gg,rz-hash,rz-run,rz-sign,rz-test	Reverse engineering framework and command-line toolset Rizin is a fork of the radare2 reverse engineering framework with a focus on usability, working features and code cleanliness. Rizin is portable and it can be used to analyze binaries, disassemble code, debug programs, as a forensics tool, as a scriptable command-line hexadecimal editor able to open disk files, and much more!	https://www.kali.org/tools/rizin/
rizin-cutter	rizin-cutter	forensics	资源开发	librizin-cutter-dev,rizin-cutter,cutter	Reverse engineering platform powered by rizin Cutter is a free and open-source reverse engineering platform powered by rizin. It aims at being an advanced and customizable reverse engineering platform while keeping the user experience in mind. Cutter is created by reverse engineers for reverse engineers.	https://www.kali.org/tools/rizin-cutter/
rkhunter	rkhunter	forensics	数字取证	rkhunter,rkhunter	Rootkit, backdoor, sniffer and exploit scanner Rootkit Hunter scans systems for known and unknown rootkits, backdoors, sniffers and exploits. It checks for: SHA256 hash changes; files commonly created by rootkits;	https://www.kali.org/tools/rkhunter/
rling	rling	utils		rling,dedupe,getpass,rehex,rling,splitlen	Better rli This package is similar to the rli utility found in hashcat-utils, but much, much faster. rli compares a single file against another file(s) and removes all duplicates.	https://www.kali.org/tools/rling/
robotstxt	robotstxt	utils		golang-github-temoto-robotstxt-dev,robotstxt,robots.txt-check	Robots.txt exclusion protocol implementation for Go language This package contains a robots.txt exclusion protocol implementation for Go language (golang).	https://www.kali.org/tools/robotstxt/
ropper	ropper	utils		ropper,ropper	Rop gadget finder and binary information tool This package contains scripts that display info about files in different formats and find gadgets to build ROPs chains for different architectures (x86/x86_64, ARM/ARM64, MIPS, PowerPC). For disassembly ropper uses the Capstone Framework.	https://www.kali.org/tools/ropper/
routerkeygenpc	routerkeygenpc	utils		routerkeygenpc,routerkeygen,routerkeygen-cli	Router Keygen generate default WPA/WEP keys This package generates default WPA/WEP keys for the several routers: Thomson based routers ( this includes Thomson, SpeedTouch, Orange, Infinitum, BBox, DMax, BigPond, O2Wireless, Otenet, Cyta , TN_private, Blink ) DLink ( only some models )	https://www.kali.org/tools/routerkeygenpc/
routersploit	routersploit	utils		routersploit,routersploit,rsf.py	Exploitation Framework for Embedded Devices This package contains an open-source exploitation framework dedicated to embedded devices. It consists of various modules that aids penetration testing operations: exploits - modules that take advantage of identified vulnerabilities. creds - modules designed to test credentials against network services.	https://www.kali.org/tools/routersploit/
rsakeyfind	rsakeyfind	forensics		rsakeyfind,rsakeyfind	Locates BER-encoded RSA private keys in memory images rsakeyfind is a tool that locates BER-encoded RSA private keys in MEMORY-IMAGE. If a MODULUS-FILE is specified, it will locate private and public keys matching the hex-encoded modulus read from this file. This package is useful to several activities, as forensics investigations.	https://www.kali.org/tools/rsakeyfind/
rsmangler	rsmangler	passwords	凭据访问	rsmangler,rsmangler	Wordlist mangling tool RSMangler will take a wordlist and perform various manipulations on it similar to those done by John the Ripper the main difference being that it will first take the input words and generate all permutations and the acronym of the words (in order they appear in the file)	https://www.kali.org/tools/rsmangler/
rtpbreak	rtpbreak	vulnerability	发现	rtpbreak,rtpbreak	Detects, reconstructs, and analyzes RTP sessions With rtpbreak you can detect, reconstruct and analyze any RTP session. It doesn’t require the presence of RTCP packets and works independently form the used signaling protocol (SIP, H.323, SCCP, …). The input is a sequence of packets, the output is a set of files you can use as	https://www.kali.org/tools/rtpbreak/
rtpflood	rtpflood	vulnerability	影响	rtpflood,rtpflood	Tool to flood any RTP device A command line tool used to flood any device that is processing RTP.	https://www.kali.org/tools/rtpflood/
rtpinsertsound	rtpinsertsound	vulnerability	发现	rtpinsertsound,rtpinsertsound	Inserts audio into a specified stream A tool to insert audio into a specified audio (i.e. RTP) stream was created in the August - September 2006 timeframe. The tool is named rtpinsertsound. It was tested on a Linux Red Hat Fedora Core 4 platform (Pentium IV, 2.5 GHz), but it is expected this tool will successfully build and execute	https://www.kali.org/tools/rtpinsertsound/
rtpmixsound	rtpmixsound	vulnerability	发现	rtpmixsound,rtpmixsound	Mixes pre-recorded audio in real-time A tool to mix pre-recorded audio in real-time with the audio (i.e. RTP) in the specified target audio stream.	https://www.kali.org/tools/rtpmixsound/
rubeus	rubeus	utils	防御规避	rubeus,rubeus	Raw Kerberos interaction and abuses Rubeus is a C# toolset for raw Kerberos interaction and abuses. It is heavily adapted from Benjamin Delpy’s Kekeo project and Vincent LE TOUX’s MakeMeEnterpriseAdmin project.	https://www.kali.org/tools/rubeus/
ruby-pedump	ruby-pedump	utils		ruby-pedump,pedump-ruby	Dump win32 PE executable files with a pure ruby This package contains a script to dump headers, sections, extract resources of win32 PE exe,dll,etc	https://www.kali.org/tools/ruby-pedump/
rustscan	rustscan	utils		rustscan,rustscan	Modern Port Scanner The Modern Port Scanner. Find ports quickly (3 seconds at its fastest). Run scripts through our scripting engine (Python, Lua, Shell supported). Scans all 65k ports in 3 seconds. Full scripting engine support. Automatically pipe results into Nmap, or use our scripts (or write your own) to do whatever you want.	https://www.kali.org/tools/rustscan/
rz-ghidra	rz-ghidra	forensics		rz-ghidra	Ghidra decompiler and sleigh disassembler for rizin This is an integration of the Ghidra decompiler and Sleigh Disassembler for rizin. It is solely based on the decompiler part of Ghidra, which is written entirely in C++, so Ghidra itself is not required at all and the plugin can be built self-contained.	https://www.kali.org/tools/rz-ghidra/
s3scanner	s3scanner	utils		s3scanner,s3scanner	Tool to find open S3 buckets and dump their contents This package contains a tool to find open S3 buckets and dump their contents. The features are: zap Multi-threaded scanning telescope Supports tons of S3-compatible APIs female_detective Scans all bucket permissions to find misconfigurations	https://www.kali.org/tools/s3scanner/
safecopy	safecopy	forensics	数字取证	safecopy,safecopy	Data recovery tool for problematic or damaged media Safecopy tries to get as much data from SOURCE as possible, even resorting to device specific low level operations if applicable. This is achieved by identifying problematic or damaged areas, skipping over them and continuing reading afterwards. The corresponding area in the destination file is either skipped (on initial creation that means padded with zeros) or deliberately	https://www.kali.org/tools/safecopy/
sakis3g	sakis3g	wireless		sakis3g,sakis3g	Tool for establishing 3G connections Sakis3G is a tweaked shell script which is supposed to work out-of-the-box for establishing a 3G connection with any combination of modem or operator. It automagically setups your USB or Bluetooth™ modem, and may even detect operator settings. You should try it when anything else fails.	https://www.kali.org/tools/sakis3g/
samba	samba	information-gathering	发现	ctdb,ctdb,ctdb_diagnostics,ctdbd,ltdbtool,onnode,ping_pong,ldb-tools,ldbadd,ldbdel,ldbedit,ldbmodify,ldbrename,ldbsearch,libldb-dev,libldb2,libnss-winbind,libpam-winbind,libsmbclient,libsmbclient-dev,libsmbclient0,libtalloc-dev,libtalloc2,libtdb-dev,libtdb1,libtevent-dev,libtevent0,libtevent0t64,libwbclient-dev,libwbclient0,python3-ldb,python3-samba,samba-gpupdate,samba-tool,python3-talloc,python3-tdb,registry-tools,regdiff,regpatch,regshell,regtree,samba,eventlogadm,mvxattr,nmbd	SMB/CIFS file, print, and login server for Unix Samba is an implementation of the SMB/CIFS protocol for Unix systems, providing support for cross-platform file and printer sharing with Microsoft Windows, OS X, and other Unix systems. Samba can also function as an Active Directory or NT4-style domain controller, and can integrate with Active Directory realms or NT4 domains as a member server.	https://www.kali.org/tools/samba/
samdump2	samdump2	passwords	凭据访问	samdump2,samdump2	Dump Windows 2k/NT/XP password hashes This tool is designed to dump Windows 2k/NT/XP password hashes from a SAM file, using the syskey bootkey from the system hive. This package also provides the functionality of bkhive, which recovers the syskey bootkey from a Windows NT/2K/XP system hive. Syskey is a Windows feature that adds an additional encryption layer to the	https://www.kali.org/tools/samdump2/
sara	sara	utils	发现	sara,sara	RouterOS Security Inspector This package contains an autonomous RouterOS configuration analyzer for finding security issues on MikroTik hardware.	https://www.kali.org/tools/sara/
sbd	sbd	post-exploitation	命令与控制	sbd,sbd	Secure backdoor for Linux and Windows sbd is a Netcat-clone, designed to be portable and offer strong encryption. It runs on Unix-like operating systems and on Microsoft Win32. sbd features AES-CBC-128 + HMAC-SHA1 encryption (by Christophe Devine), program execution (-e option), choosing source port, continuous reconnection with delay, and some other nice features. sbd supports TCP/IP communication only.	https://www.kali.org/tools/sbd/
scalpel	scalpel	forensics	数字取证	scalpel,scalpel	Fast filesystem-independent file recovery scalpel is a fast file carver that reads a database of header and footer definitions and extracts matching files from a set of image files or raw device files. scalpel is filesystem-independent and will carve files from FAT16, FAT32, exFAT, NTFS, Ext2, Ext3, Ext4, JFS, XFS, ReiserFS, raw partitions, etc.	https://www.kali.org/tools/scalpel/
scapy	scapy	information-gathering	发现	python3-scapy,scapy,scapy3	Interactive packet manipulation tool root@kali:~# scapy -h Usage: scapy.py [-c new_startup_file] [-p new_prestart_file] [-C] [-P] [-H] Args: -H: header-less start -C: do not read startup file	https://www.kali.org/tools/scapy/
screen	screen	wireless		screen,screen,screen-udeb	Terminal multiplexer with VT100/ANSI terminal emulation GNU Screen is a terminal multiplexer that runs several separate “screens” on a single physical character-based terminal. Each virtual terminal emulates a DEC VT100 plus several ANSI X3.64 and ISO 2022 functions. Screen sessions can be detached and resumed later on a different terminal. Screen also supports a whole slew of other features, including configurable	https://www.kali.org/tools/screen/
scrounge-ntfs	scrounge-ntfs	forensics	数字取证	scrounge-ntfs,scrounge-ntfs	Data recovery program for NTFS filesystems Scrounge NTFS is a data recovery program for NTFS filesystems. It reads each block of the hard disk and try to rebuild the original filesystem tree into a directory. This package is useful in forensics investigations.	https://www.kali.org/tools/scrounge-ntfs/
sctpscan	sctpscan	vulnerability	发现	sctpscan,sctpscan	SCTP network scanner for discovery and security SCTP network scanner for discovery and security	https://www.kali.org/tools/sctpscan/
sdrangel	sdrangel	utils		sdrangel,sdrangel,sdrangelbench,sdrangelsrv	Qt-based SDR front-end for various devices SDR front-end supporting many hardware and software receivers/transmitter, including: RTL-SDR, BladeRF, HackRF and others. It uses Qt framework and OpenGL for graphical rendering, works on many operating systems. Supported modes:	https://www.kali.org/tools/sdrangel/
seclists	seclists	passwords	持久化	seclists,seclists	Collection of multiple types of security lists SecLists is a collection of multiple types of lists used during security assessments. List types include usernames, passwords, URLs, sensitive data grep strings, fuzzing payloads, and many more. The goal is to enable a security tester to pull this repo onto a new testing box and have access to every type of list that may be needed.	https://www.kali.org/tools/seclists/
secure-socket-funneling	secure-socket-funneling	windows-resources		secure-socket-funneling-windows-binaries	SSF - windows binaries This package provides simple and efficient ways to forward data from multiple sockets (TCP or UDP) through a single secure TLS link to a remote computer. This package provides the 32 bits and 64 bits windows binaries of Secure Socket Funneling. SSF Features:	https://www.kali.org/tools/secure-socket-funneling/
sendemail	sendemail	utils		sendemail	Lightweight, command line SMTP email client SendEmail is a lightweight, completely command line based, SMTP email agent. It was designed to be used in bash scripts, Perl programs, and web sites, but it is also quite useful in many other contexts. SendEmail is written in Perl and is unique in that it requires no special modules. It has a straight forward interface,	https://www.kali.org/tools/sendemail/
sentrypeer	sentrypeer	detect		sentrypeer,sentrypeer	SIP peer to peer honeypot for VoIP SentryPeer is a distributed list of bad IP addresses and phone numbers collected via a SIP Honeypot. SentryPeer is a fraud detection tool. It lets bad actors try to make phone calls and saves the IP address they came from and number they tried to call. Those details can then be used to raise notifications at the service providers	https://www.kali.org/tools/sentrypeer/
set	set	exploitation	初始访问	set,se-toolkit,setoolkit	Social-Engineer Toolkit The Social-Engineer Toolkit (SET) is an open-source Python-driven tool aimed at penetration testing around Social-Engineering.	https://www.kali.org/tools/set/
sfuzz	sfuzz	vulnerability	资源开发	sfuzz,sfo,sfuzz	Black Box testing utilities In the same vein as the Generic Protocol Framework, sfuzz is a really simple to use black box testing suite called Simple Fuzzer (what else would you expect?). The goal is to provide a simple to use, but fairly powerful and flexible black box testing utility.	https://www.kali.org/tools/sfuzz/
sharphound	sharphound	utils	发现	sharphound,sharphound	C# Data Collector for BloodHound This package contains the pre-built SharpHound.	https://www.kali.org/tools/sharphound/
sharpshooter	sharpshooter	utils		sharpshooter,sharpshooter	Payload Generation Framework SharpShooter is a payload creation framework for the retrieval and execution of arbitrary CSharp source code. SharpShooter is capable of creating payloads in a variety of formats, including HTA, JS, VBS and WSF.	https://www.kali.org/tools/sharpshooter/
shed	shed	utils		shed,shed	Simple hex editor with a pico-style interface shed (Simple Hex Editor) is an easy application for viewing and editing files in text mode, using ncurses. The main features are: Displays each byte as ascii, hex, decimal, octal and binary; Allows changes to be input in all of the above displayed modes, with bit toggling in the binary column;	https://www.kali.org/tools/shed/
shell-gpt	shell-gpt	utils	服务与其它工具	shell-gpt,sgpt	Command-line productivity tool powered by AI large language models A command-line productivity tool powered by AI large language models (LLM). This command-line tool offers streamlined generation of shell commands, code snippets, documentation, eliminating the need for external resources (like Google search). Supports Linux, macOS, Windows and compatible with all major Shells like PowerShell, CMD, Bash, Zsh, etc.	https://www.kali.org/tools/shell-gpt/
shellfire	shellfire	utils		shellfire,shellfire	Exploiting LFI, RFI, and command injection vulnerabilities This package contains an exploitation shell which focuses on exploiting LFI, RFI, and command injection vulnerabilities.	https://www.kali.org/tools/shellfire/
shellnoob	shellnoob	exploitation	资源开发	shellnoob,shellnoob	Shellcode writing toolkit Features: * convert shellcode between different formats and sources. Formats currently supported: asm, bin, hex, obj, exe, C, Python, ruby, pretty, safeasm, completec, shellstorm. (All details in the “Formats description” section.)	https://www.kali.org/tools/shellnoob/
shellter	shellter	post-exploitation	防御规避	shellter,shellter	Dynamic shellcode injection tool and dynamic PE infector Shellter is a dynamic shellcode injection tool aka dynamic PE infector. It can be used in order to inject shellcode into native Windows applications (currently 32-bit apps only). The shellcode can be something yours or something generated through a framework, such as Metasploit. Shellter takes advantage of the original structure of the PE file and doesn’t	https://www.kali.org/tools/shellter/
sherlock	sherlock	utils	侦察	sherlock,sherlock	Find usernames across social networks Sherlock relies on the site’s designers providing a unique URL for a registered username. To determine if a username is available, Sherlock queries that URL, and uses to response to understand if there is a claimed username already there. Currently, the tool is capable of locating users on more than 300 social	https://www.kali.org/tools/sherlock/
sickle-pdk	sickle-pdk	utils	资源开发	sickle-pdk,sickle-pdk	Payload development kit Sickle is a payload development kit originally created to aid in crafting shellcode, however it can be used in crafting payloads for other exploit types as well (non-binary). Although the current modules are mostly aimed towards assembly this tool is not limited to shellcode.	https://www.kali.org/tools/sickle-pdk/
sidguesser	sidguesser	web	发现	sidguesser,sidguess	Guesses sids against an Oracle database Guesses sids/instances against an Oracle database according to a predefined dictionary file. The speed is slow (80-100 guesses per second) but it does the job.	https://www.kali.org/tools/sidguesser/
siege	siege	vulnerability	影响	siege,bombardment,siege,siege.config,siege2csv	HTTP regression testing and benchmarking utility Siege is an regression test and benchmark utility. It can stress test a single URL with a user defined number of simulated users, or it can read many URLs into memory and stress them simultaneously. The program reports the total number of hits recorded, bytes transferred, response time, concurrency, and return status. Siege supports HTTP/1.0 and 1.1 protocols, the GET and POST	https://www.kali.org/tools/siege/
sigma-cli	sigma-cli	utils		sigma-cli,sigma-cli	Sigma command line interface This package contains the Sigma command line interface using the pySigma library to manage, list and convert Sigma rules into query languages.	https://www.kali.org/tools/sigma-cli/
silenttrinity	silenttrinity	utils		silenttrinity,silenttrinity	Asynchronous, collaborative post-exploitation agent This package contains a modern, asynchronous, multiplayer & multiserver C2/post-exploitation framework powered by Python 3 and .NETs DLR. It’s the culmination of an extensive amount of research into using embedded third-party .NET scripting languages to dynamically call .NET API’s, a technique the author coined as BYOI (Bring Your Own Interpreter). The aim of this tool and	https://www.kali.org/tools/silenttrinity/
siparmyknife	siparmyknife	vulnerability	发现	siparmyknife,siparmyknife	SIP fuzzing tool SIP Army Knife is a fuzzer that searches for cross site scripting, SQL injection, log injection, format strings, buffer overflows, and more.	https://www.kali.org/tools/siparmyknife/
sipcrack	sipcrack	passwords	凭据访问	sipcrack,sipcrack,sipdump	SIP login dumper/cracker The tools contained in this package offer support for pcap files, wordlists and many more to extract all needed information and bruteforce the passwords for the sniffed accounts. sipdump - Dump SIP digest authentications to a file. sipcrack - Bruteforce the user password using the dump file	https://www.kali.org/tools/sipcrack/
sipp	sipp	vulnerability	发现	sipp,sipp	Traffic generator for the SIP protocol SIPp is a free Open Source test tool / traffic generator for the SIP protocol. It includes a few basic SipStone user agent scenarios (UAC and UAS) and establishes and releases multiple calls with the INVITE and BYE methods. It can also reads custom XML scenario files describing from very simple	https://www.kali.org/tools/sipp/
sippts	sippts	utils	发现	sippts,sippts,sippts-gui	Set of tools to audit SIP based VoIP Systems Sippts is a set of tools to audit VoIP servers and devices using SIP protocol. Sippts is programmed in Python and it allows pentesters to check the security of a VoIP server using SIP protocol.	https://www.kali.org/tools/sippts/
sipsak	sipsak	vulnerability	发现	sipsak,sipsak	SIP Swiss army knife sipsak is a small command line tool for developers and administrators of Session Initiation Protocol (SIP) applications. It can be used for some simple tests on SIP applications and devices.	https://www.kali.org/tools/sipsak/
sipvicious	sipvicious	vulnerability	凭据访问	sipvicious,svcrack,svcrash,svmap,svreport,svwar	Tools to audit SIP based VoIP systems SIPVicious suite is a set of tools that can be used to audit SIP based VoIP systems. This suite has five tools: svmap, svwar, svcrack, svreport, svcrash. svmap is a sip scanner. When launched against ranges of ip address space, it will identify any SIP servers	https://www.kali.org/tools/sipvicious/
skipfish	skipfish	web	侦察	skipfish,skipfish	Fully automated, active web application security reconnaissance tool Skipfish is an active web application security reconnaissance tool. It prepares an interactive sitemap for the targeted site by carrying out a recursive crawl and dictionary-based probes. The resulting map is then annotated with the output from a number of active (but hopefully non-disruptive) security checks. The final report generated by the tool is meant to serve as a foundation for	https://www.kali.org/tools/skipfish/
sleuthkit	sleuthkit	forensics	数字取证	libsleuthkit-java,libsleuthkit-jni,libtsk-dev,libtsk23,sleuthkit,blkcalc,blkcat,blkls,blkstat,fcat,ffind,fiwalk,fls,fsstat,hfind,icat,ifind,ils,img_cat,img_stat,istat,jcat,jls,jpeg_extract,mactime,mmcat,mmls,mmstat,pstat,sigfind,sorter,srch_strings,tsk_comparedir,tsk_gettimes,tsk_imageinfo,tsk_loaddb,tsk_recover,usnjls	Tools for forensics analysis on volume and filesystem data The Sleuth Kit, also known as TSK, is a collection of UNIX-based command line file and volume system forensic analysis tools. The filesystem tools allow you to examine filesystems of a suspect computer in a non-intrusive fashion. Because the tools do not rely on the operating system to process the filesystems, deleted and hidden content is shown.	https://www.kali.org/tools/sleuthkit/
slimtoolkit	slimtoolkit	utils		slimtoolkit,slim-sensor,slimtoolkit	Optimization of your containers This package contains Slim(toolkit). It was called DockerSlim, and it is now just Slim (SlimToolkit). It is a tool for developers with a number of different commands (build, xray, lint, debug and others) to simplify and optimize your developer experience with containers. It makes your containers better, smaller and more secure	https://www.kali.org/tools/slimtoolkit/
sliver	sliver	utils		sliver,sliver-client,sliver-server	Implant framework This package contains a general purpose cross-platform implant framework that supports C2 over Mutual-TLS, HTTP(S), and DNS. Implants are dynamically compiled with unique X.509 certificates signed by a per-instance certificate authority generated when you first run the binary.	https://www.kali.org/tools/sliver/
slowhttptest	slowhttptest	vulnerability	影响	slowhttptest,slowhttptest	Application layer Denial of Service attacks simulation tool SlowHTTPTest is a highly configurable tool that simulates some application layer Denial of Service attacks. It implements most common low-bandwidth application layer Denial of Service attacks, such as Slowloris	https://www.kali.org/tools/slowhttptest/
smbmap	smbmap	information-gathering	防御规避	smbmap,smbmap	Handy SMB enumeration tool SMBMap allows users to enumerate samba share drives across an entire domain. List share drives, drive permissions, share contents, upload/download functionality, file name auto-download pattern matching, and even execute remote commands. This tool was designed with pen testing in mind, and is intended to simplify searching for potentially sensitive data across large	https://www.kali.org/tools/smbmap/
smtp-user-enum	smtp-user-enum	information-gathering	发现	smtp-user-enum,smtp-user-enum	Username guessing tool for the SMTP service Username guessing tool primarily for use against the default Solaris SMTP service. Can use either EXPN, VRFY or RCPT TO.	https://www.kali.org/tools/smtp-user-enum/
sn0int	sn0int	utils		sn0int,sn0int	Semi-automatic OSINT framework and package manager sn0int is a semi-automatic OSINT framework and package manager. It was built for IT security professionals and bug hunters to gather intelligence about a given target or about yourself. sn0int is enumerating attack surface by semi-automatically processing public information and mapping the results in a unified format for followup investigations.	https://www.kali.org/tools/sn0int/
snaffler-ng	snaffler-ng	utils		snaffler-ng,snaffler	SMB share credential and sensitive data scanner Impacket port of Snaffler, a post-exploitation tool that discovers readable SMB shares, walks directory trees, and identifies credentials and sensitive data on Windows file systems. Features include NTLM and Kerberos authentication, DFS namespace discovery, regex-based file and content classification with 103 built-in rules, archive	https://www.kali.org/tools/snaffler-ng/
sniffjoke	sniffjoke	sniffing-spoofing	防御规避	sniffjoke,sj-commit-results,sj-iptcpopt-probe,sniffjoke,sniffjoke-autotest,sniffjokectl	Transparent TCP connection scrambler SniffJoke is an application for Linux that handle transparently your TCP connection, delaying, modifyng and inject fake packets inside your transmission, make them almost impossible to be correctly readed by a passive wiretapping technology (IDS or sniffer).	https://www.kali.org/tools/sniffjoke/
snmpcheck	snmpcheck	information-gathering	发现	snmpcheck,snmp-check	SNMP service enumeration tool Like to snmpwalk, snmpcheck allows you to enumerate the SNMP devices and places the output in a very human readable friendly format. It could be useful for penetration testing or systems monitoring.	https://www.kali.org/tools/snmpcheck/
snmpenum	snmpenum	utils		snmpenum,snmpenum	SNMP tabledump This package contains a simple Perl script to enumerate information on Machines that are running SNMP.	https://www.kali.org/tools/snmpenum/
snort	snort	utils		snort,appid_detector_builder.sh,show_flows,snort,snort2lua,u2boat,u2spewfoo,snort-common,snort-common-libraries,snort-doc,snort-rules-default	Flexible Network Intrusion Detection System Snort is a libpcap-based packet sniffer/logger which can be used as a lightweight network intrusion detection system. It features rules-based logging and can perform content searching/matching in addition to detecting a variety of other attacks and probes, such as buffer overflows, stealth port scans, CGI attacks, SMB probes, and much more.	https://www.kali.org/tools/snort/
snowdrop	snowdrop	utils		snowdrop,sd-c,sd-eng,sd-engf	Plain text watermarking and watermark recovery Snowdrop provides reliable, difficult to remove steganographic watermarking of text documents (internal memos, draft research papers, advisories and other writing) and C sources (limited distribution software, licensed software, or freely available code) so that: (1) leaks can be identified if the data goes public.	https://www.kali.org/tools/snowdrop/
socat	socat	web	命令与控制	socat,filan,procan,socat,socat-broker.sh,socat-chain.sh,socat-mux.sh,socat1	Multipurpose relay for bidirectional data transfer Socat (for SOcket CAT) establishes two bidirectional byte streams and transfers data between them. Data channels may be files, pipes, devices (terminal or modem, etc.), or sockets (Unix, IPv4, IPv6, raw, UDP, TCP, SSL). It provides forking, logging and tracing, different modes for interprocess communication and many more options.	https://www.kali.org/tools/socat/
sparrow-wifi	sparrow-wifi	utils	侦察	sparrow-wifi,sparrow-wifi,sparrowwifiagent	Graphical Wi-Fi Analyzer for Linux This package contains a graphical Wi-Fi analyzer for Linux. It provides a more comprehensive GUI-based replacement for tools like inSSIDer and linssid that runs specifically on Linux. In its most comprehensive use cases, sparrow-wifi integrates Wi-Fi, software-defined radio (hackrf), advanced bluetooth tools (traditional and Ubertooth), traditional GPS (via gpsd), and drone/rover GPS	https://www.kali.org/tools/sparrow-wifi/
spiderfoot	spiderfoot	identify	侦察	spiderfoot,spiderfoot,spiderfoot-cli	OSINT collection and reconnaissance tool This package contains an open source intelligence (OSINT) automation tool. Its goal is to automate the process of gathering intelligence about a given target, which may be an IP address, domain name, hostname, network subnet, ASN, e-mail address or person’s name. SpiderFoot can be used offensively, i.e. as part of a black-box penetration	https://www.kali.org/tools/spiderfoot/
spike	spike	vulnerability	资源开发	spike,citrix,closed_source_web_server_fuzz,dceoversmb,dltest,do_post,generic_chunked,generic_listen_tcp,generic_send_tcp,generic_send_udp,generic_web_server_fuzz,generic_web_server_fuzz2,gopherd,halflife,line_send_tcp,msrpcfuzz,msrpcfuzz_udp,ntlm2,ntlm_brute,pmspike,post_fuzz,post_spike,quake,quakeserver,sendmsrpc,ss_spike,statd_spike,sunrpcfuzz,webfuzz,x11_spike	Network protocol fuzzer When you need to analyze a new network protocol for buffer overflows or similar weaknesses, the SPIKE is the tool of choice for professionals. While it requires a strong knowledge of C to use, it produces results second to none in the field.	https://www.kali.org/tools/spike/
spire	spire	utils		spire,spire-agent,spire-server	Toolchain of APIs for establishing trust between software systems This package contains SPIRE (the SPIFFE Runtime Environment). It is a toolchain of APIs for establishing trust between software systems across a wide variety of hosting platforms. SPIRE exposes the SPIFFE Workload API, which can attest running software systems and issue SPIFFE IDs and SVIDs to them. This in turn allows two workloads to establish trust between each other,	https://www.kali.org/tools/spire/
sploitscan	sploitscan	utils		sploitscan,sploitscan	Search for CVE information SploitScan is an efficient and easy-to-use command-line tool designed to consult CVE (Common Vulnerabilities and Exposures). Extremely important for professionals, as it allows them to implement measures that prevent the exploitation of discovered vulnerabilities. Tool is capable of exporting in a single run results for JSON and CSV	https://www.kali.org/tools/sploitscan/
spooftooph	spooftooph	wireless	侦察	spooftooph,spooftooph	Automates spoofing or cloning Bluetooth devices Spooftooph is designed to automate spoofing or cloning Bluetooth device Name, Class, and Address. Cloning this information effectively allows Bluetooth device to hide in plain site. Bluetooth scanning software will only list one of the devices if more than one device in range shares the	https://www.kali.org/tools/spooftooph/
spray	spray	utils		spray,spray	Password Spraying tool for Active Directory Credentials This package contains a Password Spraying tool for Active Directory Credentials. The script will password spray a target over a period of time. It requires password policy as input so accounts are not locked out. The package also provides a series of hand crafted password files for multiple languages. These have been crafted from the most common active	https://www.kali.org/tools/spray/
sprayhound	sprayhound	utils		sprayhound,sprayhound	Password spraying tool and Bloodhound integration SprayHound is a Python library to safely password spray in Active Directory, which sets pwned users as owned in Bloodhound and detects paths to Domain Admins.	https://www.kali.org/tools/sprayhound/
sprayingtoolkit	sprayingtoolkit	utils		sprayingtoolkit,atomizer,spindrift,sprayingtoolkit	Scripts to make password spraying attacks against Lync/S4B, OWA & O365 A set of Python scripts/utilities that tries to make password spraying attacks against Lync/S4B & OWA a lot quicker, less painful and more efficient.	https://www.kali.org/tools/sprayingtoolkit/
spraykatz	spraykatz	utils		spraykatz,spraykatz	Tool able to retrieve credentials on Windows machines This package contains a tool without any pretention able to retrieve credentials on Windows machines and large Active Directory environments. It simply tries to procdump machines and parse dumps remotely in order to avoid detections by antivirus software as much as possible.	https://www.kali.org/tools/spraykatz/
sqldict	sqldict	web	凭据访问	sqldict,sqldict	Dictionary attack tool for SQL Server SQLdict is a dictionary attack tool for SQL Server.	https://www.kali.org/tools/sqldict/
sqlitebrowser	sqlitebrowser	web	发现	sqlitebrowser,sqlitebrowser	GUI editor for SQLite databases SQLite Database Browser is a visual tool used to create, design and edit database files compatible with SQLite. Its interface is based on QT, and is meant to be used for users and developers that want to create databases, edit and search data using a familiar spreadsheet-like interface, without the need to learn complicated SQL commands.	https://www.kali.org/tools/sqlitebrowser/
sqlmap	sqlmap	information-gathering	初始访问	sqlmap,sqlmap,sqlmapapi	Automatic SQL injection tool sqlmap goal is to detect and take advantage of SQL injection vulnerabilities in web applications. Once it detects one or more SQL injections on the target host, the user can choose among a variety of options to perform an extensive back-end database management system fingerprint, retrieve DBMS session user and database, enumerate users,	https://www.kali.org/tools/sqlmap/
sqlmc	sqlmc	utils		sqlmc,sqlmc	Check all urls of a domain for SQL injections SQLMC (SQL Injection Massive Checker) is a tool designed to scan a domain for SQL injection vulnerabilities. It crawls the given URL up to a specified depth, checks each link for SQL injection vulnerabilities, and reports its findings.	https://www.kali.org/tools/sqlmc/
sqlninja	sqlninja	web	初始访问	sqlninja,sqlninja	SQL server injection and takeover tool Fancy going from a SQL Injection on Microsoft SQL Server to a full GUI access on the DB? Take a few new SQL Injection tricks, add a couple of remote shots in the registry to disable Data Execution Prevention, mix with a little Perl that automatically generates a debug script, put all this	https://www.kali.org/tools/sqlninja/
sqlsus	sqlsus	web	初始访问	sqlsus,sqlsus	MySQL injection tool sqlsus is an open source MySQL injection and takeover tool, written in perl. Via a command line interface, you can retrieve the database(s) structure, inject your own SQL queries (even complex ones), download files from the web server, crawl	https://www.kali.org/tools/sqlsus/
ssdeep	ssdeep	forensics	数字取证	libfuzzy-dev,libfuzzy2,ssdeep,ssdeep	Recursive piecewise hashing tool ssdeep is a tool for recursive computing and matching of Context Triggered Piecewise Hashing (aka Fuzzy Hashing). Fuzzy hashing is a method for comparing similar but not identical files. This tool can be used to compare files like regular hashing does (like md5sum or sha1sum) but it will find similar files with little differences.	https://www.kali.org/tools/ssdeep/
sshuttle	sshuttle	utils	命令与控制	sshuttle,sshuttle	Transparent proxy server for VPN over SSH Sshuttle makes it possible to access remote networks using SSH. It creates a transparent proxy server, using iptables, that will forward all the traffic through an SSH tunnel to a remote copy of sshuttle. It does not require installation on the remote server, which just needs to have Python installed.	https://www.kali.org/tools/sshuttle/
ssldump	ssldump	information-gathering	收集	ssldump,ssldump	SSLv3/TLS network protocol analyzer This program will dump the traffic on a network and analyze it for SSLv3/TLS network traffic, typically used to secure TCP connections. When it identifies this traffic, it decodes the results. When provided with the appropriate keying material, it will also decrypt the connections and display the application data traffic.	https://www.kali.org/tools/ssldump/
sslh	sslh	information-gathering	命令与控制	sslh,sslh,sslh-ev,sslh-select	Applicative protocol multiplexer sslh lets one accept HTTPS, SSH, OpenVPN, tinc and XMPP connections on the same port. This makes it possible to connect to any of these servers on port 443 (e.g. from inside a corporate firewall, which almost never block port 443) while still serving HTTPS on that port.	https://www.kali.org/tools/sslh/
sslscan	sslscan	information-gathering	发现	sslscan,sslscan	Tests SSL/TLS enabled services to discover supported cipher suites This tool allow queries SSL/TLS services (such as HTTPS) and reports the protocol versions, cipher suites, key exchanges, signature algorithms, and certificates in use. This helps the user understand which parameters are weak from a security standpoint. sslscan can also output results into an XML file for easy consumption by	https://www.kali.org/tools/sslscan/
sslsniff	sslsniff	web	收集	sslsniff,sslsniff	SSL/TLS man-in-the-middle attack tool sslsniff is designed to create man-in-the-middle (MITM) attacks for SSL/TLS connections, and dynamically generates certs for the domains that are being accessed on the fly. The new certificates are constructed in a certificate chain that is signed by any certificate that is provided.	https://www.kali.org/tools/sslsniff/
sslsplit	sslsplit	web	收集	sslsplit,sslsplit	Transparent and scalable SSL/TLS interception SSLsplit is a tool for man-in-the-middle attacks against SSL/TLS encrypted network connections. Connections are transparently intercepted through a network address translation engine and redirected to SSLsplit. SSLsplit terminates SSL/TLS and initiates a new SSL/TLS connection to the original destination address, while	https://www.kali.org/tools/sslsplit/
sslstrip	sslstrip	utils		sslstrip,sslstrip	SSL/TLS man-in-the-middle attack tool sslstrip is a tool that transparently hijacks HTTP traffic on a network, watch for HTTPS links and redirects, and then map those links into look-alike HTTP links or homograph-similar HTTPS links. It also supports modes for supplying a favicon which looks like a lock icon, selective logging, and session denial.	https://www.kali.org/tools/sslstrip/
sslyze	sslyze	information-gathering	发现	sslyze,sslyze	Fast and full-featured SSL scanner SSLyze is a Python tool that can analyze the SSL configuration of a server by connecting to it. It is designed to be fast and comprehensive, and should help organizations and testers identify misconfigurations affecting their SSL servers.	https://www.kali.org/tools/sslyze/
sstimap	sstimap	utils	侦察	sstimap,sstimap	Automatic SSTI detection tool with interactive interface SSTImap is a penetration testing software that can check websites for Code Injection and Server-Side Template Injection vulnerabilities and exploit them, giving access to the operating system itself.	https://www.kali.org/tools/sstimap/
starkiller	starkiller	utils		starkiller	Frontend for Powershell Empire This package contains a Frontend for Powershell Empire.	https://www.kali.org/tools/starkiller/
statsprocessor	statsprocessor	passwords		statsprocessor,sp32,sp64	Word generator based on per-position Markov chains Statsprocessor is a word generator based on per-position Markov chains packed into a single stand-alone binary. It generates candidate words based on a Hashcat format .hcstat file by using this information to determine which letter is following which letter based on the analysis of the original input dictionary used to generate the .hcstat. The resulting words can then, for	https://www.kali.org/tools/statsprocessor/
stegcracker	stegcracker	utils		stegcracker,stegcracker	Steganography brute-force tool StegCracker is steganography brute-force utility to uncover hidden data inside files.	https://www.kali.org/tools/stegcracker/
steghide	steghide	crypto-stego	防御规避	steghide,steghide,steghide-doc	Steganography hiding tool Steghide is steganography program which hides bits of a data file in some of the least significant bits of another file in such a way that the existence of the data file is not visible and cannot be proven. Steghide is designed to be portable and configurable and features hiding data in bmp, jpeg, wav and au files, blowfish encryption, MD5 hashing of	https://www.kali.org/tools/steghide/
stegosuite	stegosuite	crypto-stego	防御规避	stegosuite,stegosuite	Steganography tool to hide information in image files Stegosuite is a graphical steganography tool to easily hide information in image files. It allows the embedding of text messages and multiple files of any type. In addition, the embedded data is encrypted using AES. Currently supported file types are BMP, GIF, JPG and PNG. Stegosuite is written in Java and utilizes the SWT toolkit for its interface.	https://www.kali.org/tools/stegosuite/
stegsnow	stegsnow	crypto-stego	防御规避	stegsnow,stegsnow	Steganography using ASCII files This utility can conceal messages in ASCII text by appending whitespaces to the end of lines. Because spaces and tabs are generally not visible in text viewers, the message is effectively hidden from casual observers. And if the built-in encryption is used, the message cannot be read even if it is detected. About the name: locating trailing whitespace in text is like finding a polar	https://www.kali.org/tools/stegsnow/
stunnel	stunnel	web		stunnel,stunnel,stunnel3,stunnel4,stunnel4	Universal SSL tunnel for network daemons The stunnel program is designed to work as SSL encryption wrapper between remote client and local (inetd-startable) or remote server. The concept is that having non-SSL aware daemons running on your system you can easily setup them to communicate with clients over secure SSL channel.	https://www.kali.org/tools/stunnel/
subfinder	subfinder	utils	侦察	subfinder,subfinder	Subdomain discovery tool This package contains a subdomain discovery tool that discovers valid subdomains for websites by using passive online sources. It has a simple modular architecture and is optimized for speed. subfinder is built for doing one thing only - passive subdomain enumeration, and it does that very well.	https://www.kali.org/tools/subfinder/
subjack	subjack	utils	侦察	subjack,subjack	Subdomain Takeover tool This package contains a Subdomain Takeover tool written in Go designed to scan a list of subdomains concurrently and identify ones that are able to be hijacked. With Go’s speed and efficiency, this tool really stands out when it comes to mass-testing. Always double check the results manually to rule out false positives.	https://www.kali.org/tools/subjack/
sublist3r	sublist3r	utils	侦察	sublist3r,sublist3r	Fast subdomains enumeration tool for penetration testers This package contains a Python security tool designed to enumerate subdomains of websites using OSINT. It helps penetration testers and bug hunters collect and gather subdomains for the domain they are targeting over the network. Sublist3r enumerates subdomains using many search engines such as Google, Yahoo, Bing, Baidu, and Ask. Sublist3r also enumerates subdomains using	https://www.kali.org/tools/sublist3r/
subversion	subversion	information-gathering		libapache2-mod-svn,libsvn-dev,libsvn-doc,libsvn-java,libsvn-perl,libsvn1,python3-subversion,ruby-svn,subversion,svn,svnadmin,svnauthz,svnauthz-validate,svnbench,svndumpfilter,svnfsfs,svnlook,svnmucc,svnrdump,svnserve,svnsync,svnversion,subversion-tools,fsfs-access-map,fsfs-stats,svn-backup-dumps,svn-bisect,svn-clean,svn-hot-backup,svn-mergeinfo-normalizer,svn-populate-node-origins-index,svn-vendor,svn_apply_autoprops,svn_load_dirs,svnraisetreeconflict,svnwrap	Advanced version control system Apache Subversion, also known as svn, is a centralised version control system. Version control systems allow many individuals (who may be distributed geographically) to collaborate on a set of files (source code, websites, etc). Subversion began with a CVS paradigm and supports all the major features of CVS, but has evolved to support	https://www.kali.org/tools/subversion/
sucrack	sucrack	passwords	凭据访问	sucrack,sucrack	Multithreaded su bruteforcer sucrack is a multithreaded Linux/UNIX tool for cracking local user accounts via wordlist bruteforcing su. This tool comes in handy when you’ve gained access to a low-privilege user account but are allowed to su to other users. Many su implementations require a pseudo terminal to be attached in order to take the	https://www.kali.org/tools/sucrack/
sudo	sudo	information-gathering		libnss-sudo,sudo,cvtsudoers,sudo,sudo_logsrvd,sudo_sendlog,sudoedit,sudoreplay,visudo,sudo-ldap	Provide limited super user privileges to specific users Sudo is a program designed to allow a sysadmin to give limited root privileges to users and log root activity. The basic philosophy is to give as few privileges as possible but still allow people to get their work done.	https://www.kali.org/tools/sudo/
swaks	swaks	information-gathering	发现	swaks,swaks	SMTP command-line test tool swaks (Swiss Army Knife SMTP) is a command-line tool written in Perl for testing SMTP setups; it supports STARTTLS and SMTP AUTH (PLAIN, LOGIN, CRAM-MD5, SPA, and DIGEST-MD5). swaks allows one to stop the SMTP dialog at any stage, e.g to check RCPT TO: without actually sending a mail.	https://www.kali.org/tools/swaks/
syft	syft	utils		syft,syft	CLI tool for generating a SBOM from container images and filesystems This package contains a CLI tool and Go library for generating a Software Bill of Materials (SBOM) from container images and filesystems. Exceptional for vulnerability detection when used with a scanner like Grype. Generates SBOMs for container images, filesystems, archives, and more to discover packages and libraries	https://www.kali.org/tools/syft/
t50	t50	vulnerability	影响	t50,t50	Multi-protocol packet injector tool Multi-protocol packet injector tool for *nix systems, actually supporting 15 protocols. Features: Flooding CIDR support	https://www.kali.org/tools/t50/
tailscale	tailscale	utils	服务与其它工具	tailscale,tailscale,tailscaled	Secure connectivity platform This package contains the tailscaled daemon and the tailscale CLI tool. The tailscaled daemon runs on Linux.	https://www.kali.org/tools/tailscale/
tcpdump	tcpdump	information-gathering	发现	tcpdump,tcpdump	Command-line network traffic analyzer This program allows you to dump the traffic on a network. tcpdump is able to examine IPv4, ICMPv4, IPv6, ICMPv6, UDP, TCP, SNMP, AFS BGP, RIP, PIM, DVMRP, IGMP, SMB, OSPF, NFS and many other packet types. It can be used to print out the headers of packets on a network	https://www.kali.org/tools/tcpdump/
tcpflow	tcpflow	sniffing-spoofing	发现	tcpflow,tcpflow,tcpflow,tcpflow-nox,tcpflow	TCP flow recorder tcpflow is a program that captures data transmitted as part of TCP connections (flows), and stores the data in a way that is convenient for protocol analysis or debugging. A program like ’tcpdump’ shows a summary of packets seen on the wire, but usually doesn’t store the data that’s actually being transmitted. In contrast, tcpflow	https://www.kali.org/tools/tcpflow/
tcpick	tcpick	forensics		tcpick,tcpick	TCP stream sniffer and connection tracker This libpcap-based textmode sniffer can: track, reassemble and reorder TCP streams save the captured flows in different files or display them in the terminal display all the stream on the terminal with different display modes like hexdump, hexdump + ascii, only printable characters, raw mode, colorized	https://www.kali.org/tools/tcpick/
tcpreplay	tcpreplay	sniffing-spoofing	发现	tcpreplay,tcpbridge,tcpcapinfo,tcpliveplay,tcpprep,tcpreplay,tcpreplay-edit,tcprewrite	Tool to replay saved tcpdump files at arbitrary speeds Tcpreplay is aimed at testing the performance of a NIDS by replaying real background network traffic in which to hide attacks. Tcpreplay allows you to control the speed at which the traffic is replayed, and can replay arbitrary tcpdump traces. Unlike programmatically-generated artificial traffic which doesn’t	https://www.kali.org/tools/tcpreplay/
teamsploit	teamsploit	utils		teamsploit,teamsploit	Tools for group based penetration testing TeamSploit makes group-based penetration testing fun and easy, providing real-time collaboration and automation. TeamSploit is a suite of tools for the Metasploit Framework. TeamSploit should work with any MSF product (including OpenSource, Express, or Pro). Features include:	https://www.kali.org/tools/teamsploit/
termineter	termineter	exploitation	命令与控制	termineter,termineter	Smart meter testing framework This package contains a Python framework which provides a platform for the security testing of smart meters. It implements the C1218 and C1219 protocols for communication over an optical interface. Currently supported are Meters using C1219-2007 with 7-bit character sets. This is the most common configuration found in North America. Termineter communicates with Smart	https://www.kali.org/tools/termineter/
terraform	terraform	utils		terraform,terraform	Tool for building, changing, and versioning infrastructure This package contains a tool for building, changing, and versioning infrastructure safely and efficiently. Terraform can manage existing and popular service providers as well as custom in-house solutions. Terraform enables you to safely and predictably create, change, and improve infrastructure. It is an open source tool that codifies APIs into declarative	https://www.kali.org/tools/terraform/
testdisk	testdisk	utils	数字取证	photorec,fidentify,photorec,qphotorec,qphotorec,testdisk,testdisk	Partition scanner and disk recovery tool TestDisk checks the partition and boot sectors of your disks. It is very useful in forensics, recovering lost partitions. It works with : DOS/Windows FAT12, FAT16 and FAT32 NTFS ( Windows NT/2K/XP )	https://www.kali.org/tools/testdisk/
testssl.sh	testssl.sh	utils		testssl.sh,testssl	Command line tool to check TLS/SSL ciphers, protocols and cryptographic flaws testssl.sh is a free command line tool which checks a server’s service on any port for the support of TLS/SSL ciphers, protocols as well as recent cryptographic flaws and more. Key features Clear output: you can tell easily whether anything is good or bad	https://www.kali.org/tools/testssl.sh/
tetragon	tetragon	utils		tetragon,tetra	EBPF-based Security Observability and Runtime Enforcement (tetra CLI) Cilium’s new Tetragon component enables powerful realtime, eBPF-based Security Observability and Runtime Enforcement. Tetragon detects and is able to react to security-significant events, such as: - Process execution events - System call activity	https://www.kali.org/tools/tetragon/
tftp-hpa	tftp-hpa	utils		tftp-hpa,tftp,tftpd-hpa,in.tftpd	HPA’s tftp client Trivial File Transfer Protocol (TFTP) is a file transfer protocol, mainly to serve boot images over the network to other machines (PXE). tftp-hpa is an enhanced version of the BSD TFTP client and server. It possesses a number of bugfixes and enhancements over the original. This package contains the client.	https://www.kali.org/tools/tftp-hpa/
tftpd32	tftpd32	windows-resources		tftpd32,tftpd32	Open source ipv6-ready TFTP server for Windows Tftpd32 is a free, opensource IPv6 ready application which includes DHCP, TFTP, DNS, SNTP and Syslog servers as well as a TFTP client. The TFTP client and server are fully compatible with TFTP option support (tsize, blocksize and timeout), which allow the maximum performance when transferring the data.	https://www.kali.org/tools/tftpd32/
thc-ipv6	thc-ipv6	information-gathering	发现	thc-ipv6,atk6-address6,atk6-alive6,atk6-connect6,atk6-connsplit6,atk6-covert_send6,atk6-covert_send6d,atk6-denial6,atk6-detect-new-ip6,atk6-detect_sniffer6,atk6-dnsdict6,atk6-dnsrevenum6,atk6-dnssecwalk,atk6-dos-new-ip6,atk6-dump_dhcp6,atk6-dump_router6,atk6-exploit6,atk6-extract_hosts6,atk6-extract_networks6,atk6-fake_advertise6,atk6-fake_dhcps6,atk6-fake_dns6d,atk6-fake_dnsupdate6,atk6-fake_mipv6,atk6-fake_mld26,atk6-fake_mld6,atk6-fake_mldrouter6,atk6-fake_pim6,atk6-fake_router26,atk6-fake_router6,atk6-fake_solicitate6,atk6-firewall6,atk6-flood_advertise6,atk6-flood_dhcpc6,atk6-flood_mld26,atk6-flood_mld6,atk6-flood_mldrouter6,atk6-flood_redir6,atk6-flood_router26,atk6-flood_router6,atk6-flood_rs6,atk6-flood_solicitate6,atk6-flood_unreach6,atk6-four2six,atk6-fragmentation6,atk6-fragrouter6,atk6-fuzz_dhcpc6,atk6-fuzz_dhcps6,atk6-fuzz_ip6,atk6-implementation6,atk6-implementation6d,atk6-inject_alive6,atk6-inverse_lookup6,atk6-kill_router6,atk6-ndpexhaust26,atk6-ndpexhaust6,atk6-node_query6,atk6-parasite6,atk6-passive_discovery6,atk6-randicmp6,atk6-redir6,atk6-redirsniff6,atk6-rsmurf6,atk6-sendpees6,atk6-sendpeesmp6,atk6-smurf6,atk6-thcping6,atk6-thcsyn6,atk6-toobig6,atk6-toobigsniff6,atk6-trace6	The Hacker Choice’s IPv6 Attack Toolkit Attack toolkit for testing IPv6 and ICMPv6 protocol weaknesses. Some of the tools included: alive6: an effective alive scanning. denial6: try a collection of denial-of-service tests against a target.	https://www.kali.org/tools/thc-ipv6/
thc-pptp-bruter	thc-pptp-bruter	passwords	凭据访问	thc-pptp-bruter,thc-pptp-bruter	THC PPTP Brute Force Brute force program against pptp vpn endpoints (tcp port 1723). Fully standalone. Supports latest MSChapV2 authentication. Tested against Windows and Cisco gateways. Exploits a weakness in Microsoft’s anti-brute force implementation which makes it possible to try 300 passwords the second.	https://www.kali.org/tools/thc-pptp-bruter/
thc-ssl-dos	thc-ssl-dos	vulnerability	影响	thc-ssl-dos,thc-ssl-dos	Stress tester for the SSL handshake THC-SSL-DOS is a tool to verify the performance of SSL. Establishing a secure SSL connection requires 15x more processing power on the server than on the client. THC-SSL-DOS exploits this asymmetric property by overloading the server and knocking it off the Internet.	https://www.kali.org/tools/thc-ssl-dos/
theharvester	theharvester	information-gathering	侦察	theharvester	Tool for gathering e-mail accounts and subdomain names from public sources The package contains a tool for gathering subdomain names, e-mail addresses, virtual hosts, open ports/ banners, and employee names from different public sources (search engines, pgp key servers).	https://www.kali.org/tools/theharvester/
tiger	tiger	identify		tiger,tiger,tigercron,tigexp,tiger-otheros	Security auditing and intrusion detection tools for Linux TIGER, or the ’tiger’ scripts, is a set of tools (Bourne shell scripts and C programs) which are used to perform a security audit of different operating systems components. The tools can be both run all at once to generate an audit report of the system and to detect elements that could be fixed when hardening it.	https://www.kali.org/tools/tiger/
tightvnc	tightvnc	utils		tightvncpasswd,tightvncpasswd,tightvncserver	Virtual network computing password tool VNC stands for Virtual Network Computing. It is, in essence, a remote display system which allows you to view a computing `desktop’ environment not only on the machine where it is running, but from anywhere on the Internet and from a wide variety of machine architectures. This package provides the vncpasswd tool mandatory for the tightvncserver	https://www.kali.org/tools/tightvnc/
tinja	tinja	utils	侦察	tinja,tinja	CLI tool for testing web pages for template injection TInjA is a CLI tool for testing web pages for template injection vulnerabilities and supports 44 of the most relevant template engines for eight different programming languages.	https://www.kali.org/tools/tinja/
tlssled	tlssled	information-gathering	发现	tlssled,tlssled	Evaluates the security of a target SSL/TLS (HTTPS) server TLSSLed is a Linux shell script whose purpose is to evaluate the security of a target SSL/TLS (HTTPS) web server implementation. It is based on sslscan, a thorough SSL/TLS scanner that is based on the openssl library, and on the “openssl s_client” command line tool. The current tests	https://www.kali.org/tools/tlssled/
tmux	tmux	wireless		tmux,tmux	Terminal multiplexer tmux enables a number of terminals (or windows) to be accessed and controlled from a single terminal like screen. tmux runs as a server-client system. A server is created automatically when necessary and holds a number of sessions, each of which may have a number of windows linked to it. Any number of clients may connect to a session,	https://www.kali.org/tools/tmux/
tnftp	tnftp	utils		ftp,tnftp,tnftp	tnftp Enhanced ftp client tnftp is what many users affectionately call the enhanced ftp client in NetBSD ( http://www.netbsd.org ).	https://www.kali.org/tools/tnftp/
tnscmd10g	tnscmd10g	web	发现	tnscmd10g,tnscmd10g	Tool to prod the oracle tnslsnr process A tool to prod the oracle tnslsnr process on port 1521/tcp.	https://www.kali.org/tools/tnscmd10g/
tookie-osint	tookie-osint	utils	侦察	tookie-osint,tookie-osint	OSINT information gathering tool for finding social media accounts Tookie-osint has a simple-to-use UI and is really straightforward. The main idea of Tookie-osint is to discover usernames that are requested from an input. Tookie-osint is similar to the tool called Sherlock. It discovers all the user accounts across different websites and Tookie-osint is successful at this task almost 80% of the time.	https://www.kali.org/tools/tookie-osint/
traceroute	traceroute	utils		traceroute,lft.db,tcptraceroute.db,traceproto.db,traceroute-nanog,traceroute.db,traceroute6.db	Traces the route taken by packets over an IPv4/IPv6 network The traceroute utility displays the route used by IP packets on their way to a specified network (or Internet) host. Traceroute displays the IP number and host name (if possible) of the machines along the route taken by the packets. Traceroute is used as a network debugging tool. If you’re having network connectivity problems, traceroute will show you where the trouble is coming	https://www.kali.org/tools/traceroute/
tree	tree	passwords		tree,tree	Displays an indented directory tree, in color Tree is a recursive directory listing command that produces a depth indented listing of files, which is colorized ala dircolors if the LS_COLORS environment variable is set and output is to tty.	https://www.kali.org/tools/tree/
trivy	trivy	utils		trivy,trivy	Comprehensive and versatile security scanner This package contains a comprehensive and versatile security scanner. Trivy has scanners that look for security issues, and targets where it can find those issues. It can find vulnerabilities, misconfigurations, secrets, SBOM in containers, Kubernetes, code repositories, clouds and more.	https://www.kali.org/tools/trivy/
truecrack	truecrack	passwords	凭据访问	truecrack,truecrack	Bruteforce password cracker for TrueCrypt volumes TrueCrack is a bruteforce password cracker for TrueCrypt (Copyright) volume. It is optimazed with Nvidia Cuda technology. It works with PBKDF2 (defined in PKCS5 v2.0) based on RIPEMD160 Key derivation function and XTS block cipher mode of operation	https://www.kali.org/tools/truecrack/
trufflehog	trufflehog	utils	凭据访问	trufflehog,trufflehog	Searches through git repositories for secrets This package contains a utitlity to search through git repositories for secrets, digging deep into commit history and branches. This is effective at finding secrets accidentally committed.	https://www.kali.org/tools/trufflehog/
tundeep	tundeep	utils		tundeep,tundeep	Layer 2 VPN/injection tool The tool resides [almost] entirely in user space on the victim aside from the pcap requirement.	https://www.kali.org/tools/tundeep/
twofi	twofi	information-gathering	凭据访问	twofi,twofi	Twitter words of interest When attempting to crack passwords custom word lists are very useful additions to standard dictionaries. An interesting idea originally released on the “7 Habits of Highly Effective Hackers” blog was to use Twitter to help generate those lists based on searches for keywords related	https://www.kali.org/tools/twofi/
tzdata	tzdata	information-gathering		tzdata,tzdata-legacy	Time zone and daylight-saving time data This package contains data required for the implementation of standard local time for many representative locations around the globe. It is updated periodically to reflect changes made by political bodies to time zone boundaries, UTC offsets, and daylight-saving rules.	https://www.kali.org/tools/tzdata/
ubertooth	ubertooth	wireless	侦察	libubertooth-dev,libubertooth1,ubertooth,ubertooth-afh,ubertooth-btbr,ubertooth-btle,ubertooth-debug,ubertooth-dfu,ubertooth-ducky,ubertooth-dump,ubertooth-ego,ubertooth-follow,ubertooth-rx,ubertooth-scan,ubertooth-specan,ubertooth-specan-ui,ubertooth-util,ubertooth-firmware,ubertooth-firmware-source	2.4 GHz wireless development platform for Bluetooth experimentation Project Ubertooth is an open source wireless development platform suitable for Bluetooth experimentation. This package contains everything necessary to use the hardware dongle. Ubertooth is capable of sniffing BLE (Bluetooth Smart) connections and it also has some ability to sniff some data from Basic Rate (BR) Bluetooth Classic	https://www.kali.org/tools/ubertooth/
udptunnel	udptunnel	post-exploitation	命令与控制	udptunnel,udptunnel	Tunnel UDP packets over a TCP connection UDPTunnel is a small program which can tunnel UDP packets bi-directionally over a TCP connection. Its primary purpose (and original motivation) is to allow multi-media conferences to traverse a firewall which allows only outgoing TCP connections. UDPTunnel also can be used for security tests in networks.	https://www.kali.org/tools/udptunnel/
uhd	uhd	wireless		libuhd-dev,libuhd4.9.0,libuhd4.9.0-dpdk,libuhd4.9.0-dpdk-tests,python3-uhd,uhd-doc,uhd-host,rfnoc_image_builder,rfnoc_modtool,uhd_adc_self_cal,uhd_cal_rx_iq_balance,uhd_cal_tx_dc_offset,uhd_cal_tx_iq_balance,uhd_config_info,uhd_find_devices,uhd_image_loader,uhd_images_downloader,uhd_usrp_probe,usrp2_card_burner,usrpctl,uhd-rfnoc-dev	Universal hardware driver for Ettus Research products - headers Host library for the Universal Hardware Driver for Ettus Research products. The supported devices provide analog radio receiver and transmitter hardware along with digital interfaces for getting signals to and from a software defined radio running on the host computer. This package contains the header files for developing with libuhd.	https://www.kali.org/tools/uhd/
uhd-images	uhd-images	wireless		uhd-images	Various UHD Images Various UHD Images	https://www.kali.org/tools/uhd-images/
unar	unar	forensics		unar,lsar,unar	Unarchiver for a variety of file formats The Unarchiver is an archive unpacker program with support for the popular zip, RAR, 7z, tar, gzip, bzip2, LZMA, XZ, CAB, MSI, NSIS, EXE, ISO, BIN, and split file formats, as well as the old Stuffit, Stuffit X, DiskDouble, Compact Pro, Packit, cpio, compress (.Z), ARJ, ARC, PAK, ACE, ZOO, LZH, ADF, DMS, LZX, PowerPacker, LBR, Squeeze, Crunch, and other old formats.	https://www.kali.org/tools/unar/
unblob	unblob	utils		unblob,unblob	Accurate, fast, and easy-to-use extraction suite (Python 3) This package contains an accurate, fast, and easy-to-use extraction suite. It parses unknown binary blobs for more than 30 different archive, compression, and file-system formats, extracts their content recursively, and carves out unknown chunks that have not been accounted for. This package installs the library for Python 3.	https://www.kali.org/tools/unblob/
undbx	undbx	forensics	数字取证	undbx,undbx	Tool to extract, recover and undelete e-mail messages from .dbx files UnDBX is a tool to extract, recover and undelete e-mail messages from MS Outlook Express .dbx files (or similar e-mail programs in MS Windows). Corrupted .dbx files can be parsed to try to recover messages from it. It can also try to undelete messages, not only from Deleted Items but also from fragments of deleted messages that were not overwritten.	https://www.kali.org/tools/undbx/
unhide	unhide	forensics	数字取证	unhide,unhide,unhide-linux,unhide-posix,unhide-tcp,unhide_rb,unhide-gui,unhide-gui	Forensic tool to find hidden processes and ports Unhide is a forensic tool to find processes and TCP/UDP ports hidden by rootkits, Linux kernel modules or by other techniques. It includes two utilities: unhide and unhide-tcp. unhide detects hidden processes using the following six techniques: Compare /proc vs /bin/ps output	https://www.kali.org/tools/unhide/
unhide.rb	unhide.rb	utils		unhide.rb,unhide.rb	Forensics tool to find processes hidden by rootkits Unhide.rb is a forensics tool to find processes hidden by rootkits. It looks for active processes in many different ways. Processes found by some means but not others are considered to be “hidden”, and are reported to the user. Unhide.rb is a tentative of rewrite in Ruby of the original Unhide, which	https://www.kali.org/tools/unhide.rb/
unicorn-magic	unicorn-magic	web		unicorn-magic,unicorn-magic	Tool for a PowerShell downgrade attack and inject shellcode This package contains a simple tool for using a PowerShell downgrade attack and inject shellcode straight into memory. Based on Matthew Graeber’s powershell attacks and the powershell bypass technique presented by David Kennedy (TrustedSec) and Josh Kelly at Defcon 18. Usage is simple, just run Magic Unicorn (ensure Metasploit is installed and in	https://www.kali.org/tools/unicorn-magic/
unicornscan	unicornscan	information-gathering	侦察	unicornscan,fantaip,unibrow,unicfgtst,unicornscan,us	Userland distributed TCP/IP stack Unicornscan is a new information gathering and correlation engine built for and by members of the security research and testing communities. It was designed to provide an engine that is Scalable, Accurate, Flexible, and Efficient. It is released for the community to use under the terms of the GPL license. Benefits:	https://www.kali.org/tools/unicornscan/
uniscan	uniscan	web	侦察	uniscan,uniscan,uniscan-gui	LFI, RFI, and RCE vulnerability scanner Uniscan is a simple Remote File Include, Local File Include and Remote Command Execution vulnerability scanner.	https://www.kali.org/tools/uniscan/
unix-privesc-check	unix-privesc-check	vulnerability	权限提升	unix-privesc-check,unix-privesc-check	Script to check for simple privilege escalation vectors Unix-privesc-checker is a script that runs on Unix systems (tested on Solaris 9, HPUX 11, Various Linuxes, FreeBSD 6.2). It tries to find misconfigurations that could allow local unprivileged users to escalate privileges to other users or to access local apps (e.g. databases).	https://www.kali.org/tools/unix-privesc-check/
unrar-nonfree	unrar-nonfree	forensics		libunrar-dev,libunrar-headers,libunrar5t64,unrar,unrar-nonfree	Extract files from rar archives root@kali:~# man unrar-nonfree UNRAR(1)                          RAR archiver                         UNRAR(1) NAME unrar - extract files from rar archives SYNOPSIS	https://www.kali.org/tools/unrar-nonfree/
upx-ucl	upx-ucl	exploitation		upx-ucl,upx-ucl	Efficient live-compressor for executables UPX is an advanced executable file compressor. UPX will typically reduce the file size of programs and DLLs by around 50%-70%, thus reducing disk space, network load times, download times etc. The current version can compress executables for DOS, Linux/ELF (i386, amd64, ppc32) and some other files for different OS.	https://www.kali.org/tools/upx-ucl/
urlcrazy	urlcrazy	information-gathering	侦察	urlcrazy,urlcrazy	Domain typo generator Generate and test domain typos and variations to detect and perform typo squatting, URL hijacking, phishing, and corporate espionage.	https://www.kali.org/tools/urlcrazy/
uro	uro	utils	侦察	uro,uro	Declutter URLs for crawling/pentesting Uro declutters a list of URLs by removing Incremental URLs, Blog posts and other similar human-written content, URLs with the same path but parameter value differences, Images, JS, CSS, and other “useless” files.	https://www.kali.org/tools/uro/
util-linux	util-linux	information-gathering		bsdextrautils,col,colcrt,colrm,column,hd,hexdump,look,rev,ul,bsdutils,renice,script,scriptlive,scriptreplay,wall,eject,eject,eject-udeb,fdisk,cfdisk,fdisk,sfdisk,fdisk-udeb,lastlog2,lastlog2,libblkid-dev,libblkid1,libblkid1-udeb,libfdisk-dev,libfdisk1,libfdisk1-udeb,liblastlog2-2,liblastlog2-dev,libmount-dev,libmount1,libmount1-udeb,libpam-lastlog2,libsmartcols-dev,libsmartcols1,libsmartcols1-udeb,libuuid1,libuuid1-udeb,login,login,nologin,mount,losetup,mount,swapoff,swapon,umount,rfkill,rfkill,util-linux,agetty,blkdiscard,blkid,blockdev,choom,chrt,dmesg,fallocate,findfs,findmnt,flock,fsck,fsfreeze,fstrim,getopt,getty,hardlink,i386,ionice,ipcmk,ipcrm,ipcs,linux32,linux64,logger,lsblk,lscpu,lsipc,lslocks,lsns,mcookie,mkfs,mkswap,more,mountpoint,namei,nsenter,partx,prlimit,readprofile,rtcwake,runuser,setarch,setpriv,setsid,setterm,su,sulogin,swaplabel,taskset,uclampset,unshare,whereis,wipefs,x86_64,zramctl,util-linux-extra,addpart,bits,blkpr,blkzone,chcpu,chmem,copyfilerange,coresched,ctrlaltdel,delpart,enosys,exch,fadvise,fincore,fsck.cramfs,fsck.minix,getino,hwclock,isosize,ldattach,lsclocks,lsfd,lsirq,lslogins,lsmem,mkfs.bfs,mkfs.cramfs,mkfs.minix,newgrp,pipesz,pivot_root,rename.ul,resizepart,sg,switch_root,waitpid,wdctl,util-linux-locales,util-linux-udeb,uuid-dev,uuid-runtime,uuidd,uuidgen,uuidparse	Miscellaneous system utilities This package contains a number of important utilities, most of which are oriented towards maintenance of your system. Some of the more important utilities included in this package allow you to view kernel messages, create new filesystems, view block device information, interface with real time clock, etc.	https://www.kali.org/tools/util-linux/
vboot-utils	vboot-utils	utils		cgpt,cgpt,vboot-kernel-utils,futility,vbutil_kernel,vboot-utils,chromeos-tpm-recovery,crossystem,dev_debug_vboot	Chrome OS verified u-boot utilities This package contains a set of tools to deal with Chromebook internals, and the verified version of u-boot. Namely: bmpblk_font bmpblk_utility chromeos-tpm-recovery crossystem dev_debug_vboot dev_make_keypair dumpRSAPublicKey eficompress efidecompress enable_dev_usb_boot load_kernel_test pad_digest_utility signature_digest_utility tpm-nvsize	https://www.kali.org/tools/vboot-utils/
veil	veil	post-exploitation	防御规避	veil,veil,veil-catapult,veil-evasion	Generates payloads to bypass anti-virus solutions Veil is a tool designed to generate metasploit payloads that bypass common anti-virus solutions. It replaces the package veil-evasion.	https://www.kali.org/tools/veil/
villain	villain	utils	命令与控制	villain,villain	High level C2 framework Villain is a C2 framework that can handle multiple TCP socket & HoaxShell-based reverse shells, enhance their functionality with additional features and share them among connected sibling servers.	https://www.kali.org/tools/villain/
vim	vim	utils		vim,vim.basic,vim-common,helpztags,vim-doc,vim-gtk3,vim.gtk3,vim-gui-common,gvimtutor,vim-motif,vim.motif,vim-nox,vim.nox,vim-runtime,vimtutor,vim-tiny,vim.tiny,xxd,xxd	Vi IMproved - enhanced vi editor Vim is an almost compatible version of the UNIX editor Vi. Many new features have been added: multi level undo, syntax highlighting, command line history, on-line help, filename completion, block operations, folding, Unicode support, etc. This package contains a version of vim compiled with a rather	https://www.kali.org/tools/vim/
vinetto	vinetto	forensics	数字取证	vinetto,vinetto	Forensics tool to examine Thumbs.db files vinetto is a console program to extract thumbnail pictures and their metadata from Thumbs.db files, that are generated under Microsoft Windows. vinetto can help *nix-based forensics investigators to: easily preview thumbnails of deleted pictures on Windows systems; obtain information (dates, path, …) about deleted pictures.	https://www.kali.org/tools/vinetto/
vlan	vlan	utils		vlan,vconfig	Ifupdown legacy integration for vlan configuration This package contains legacy integration scripts for configuring vlan interfaces via ifupdown (/etc/network/interfaces). For further details see vlan-interfaces(5) man page in this package. Please note that this package is not necessary for most VLAN use cases with ifupdown. You only need to install it if you need to support	https://www.kali.org/tools/vlan/
voiphopper	voiphopper	vulnerability	发现	voiphopper,voiphopper	Runs a VLAN hop security test VoIP Hopper is a GPLv3 licensed security tool, written in C that rapidly runs a VLAN Hop security test. VoIP Hopper is a VoIP infrastructure security testing tool but also a tool that can be used to test the (in)security of VLANs.	https://www.kali.org/tools/voiphopper/
vopono	vopono	utils		vopono,vopono	Run applications through VPN tunnels with temporary network namespaces vopono is a tool to run applications through VPN tunnels via temporary network namespaces. This allows you to run only a handful of applications through different VPNs simultaneously, whilst keeping your main connection as normal.	https://www.kali.org/tools/vopono/
vpnc	vpnc	utils		vpnc,cisco-decrypt,pcf2vpnc,vpnc,vpnc-connect,vpnc-disconnect	Cisco-compatible VPN client vpnc is a VPN client compatible with cisco3000 VPN Concentrator (also known as Cisco’s EasyVPN equipment). vpnc runs entirely in userspace and does not require kernel modules except for the tun driver to communicate with the network layer. It supports most of the features needed to establish connection to the	https://www.kali.org/tools/vpnc/
vwifi-dkms	vwifi-dkms	utils		vwifi-dkms,vwifi-tool,vwifi-tool	Simple Virtual Wireless Driver for Linux in DKMS format This package contains a minimal interface to provide essential functionalities, such as scanning for dummy Wi-Fi networks, establishing connections, and disconnecting from them. It is built upon the cfg80211 subsystem, which collaborates with FullMAC drivers. Currently, vwifi supports both Station Mode and Host AP Mode and is	https://www.kali.org/tools/vwifi-dkms/
wafw00f	wafw00f	information-gathering	发现	wafw00f,wafw00f	Identify and fingerprint Web Application Firewall products This package identifies and fingerprints Web Application Firewall (WAF) products using the following logic: Sends a normal HTTP request and analyses the response; this identifies a	https://www.kali.org/tools/wafw00f/
wapiti	wapiti	information-gathering	侦察	wapiti,wapiti,wapiti-getcookie	Web application vulnerability scanner Wapiti allows you to audit the security of your web applications. It performs “black-box” scans, i.e. it does not study the source code of the application but will scan the web pages of the deployed web applications, looking for scripts and forms where it can inject data. Once it gets this list, Wapiti acts like a fuzzer, injecting payloads to see	https://www.kali.org/tools/wapiti/
watobo	watobo	web	侦察	watobo,watobo	Semi-automated web application scanner WATOBO is intended to enable security professionals to perform highly efficient (semi-automated) web application security audits. It works like a local web proxy.	https://www.kali.org/tools/watobo/
waybackpy	waybackpy	utils		waybackpy,waybackpy	Access Wayback Machine’s API using Python waybackpy is a Python package and a CLI tool that interfaces with the Wayback Machine’s APIs. Internet Archive’s Wayback Machine has 3 useful public APIs. SavePageNow API (also known as Save API) CDX Server API	https://www.kali.org/tools/waybackpy/
wce	wce	forensics		wce,wce	Windows Credentials Editor Windows Credentials Editor (WCE) v1.3beta allows you to: NTLM authentication: List logon sessions and add, change, list and delete associated credentials (e.g.: LM/NT hashes) Perform pass-the-hash on Windows natively	https://www.kali.org/tools/wce/
web-cache-vulnerability-scanner	web-cache-vulnerability-scanner	utils	侦察	web-cache-vulnerability-scanner,wcvs,web-cache-vulnerability-scanner	Go-based CLI tool for testing for web cache poisoning Web Cache Vulnerability Scanner (WCVS) is a fast and versatile CLI scanner for web cache poisoning and web cache deception developed by Hackmanit and Maximilian Hildebrand. The scanner supports many different web cache poisoning and web cache deception techniques, includes a crawler to identify further URLs to test, and	https://www.kali.org/tools/web-cache-vulnerability-scanner/
webacoo	webacoo	web	持久化	webacoo,webacoo	Web backdoor cookie script kit Scripts for creating Web backdoors using cookies, with module support	https://www.kali.org/tools/webacoo/
webscarab	webscarab	web	侦察	webscarab,webscarab	Web application review tool WebScarab is designed to be a tool for anyone who needs to expose the workings of an HTTP(S) based application, whether to allow the developer to debug otherwise difficult problems, or to allow a security specialist to identify vulnerabilities in the way that the application has been	https://www.kali.org/tools/webscarab/
webshells	webshells	web	持久化	webshells,webshells	Collection of webshells A collection of webshells for ASP, ASPX, CFM, JSP, Perl, and PHP servers.	https://www.kali.org/tools/webshells/
websploit	websploit	utils		websploit,websploit	Web exploitation framework WebSploit is an open source project which is used to scan and analysis remote system in order to find various type of vulnerabilites. This tool is very powerful and supports multiple vulnerabilities.	https://www.kali.org/tools/websploit/
weevely	weevely	web	持久化	weevely,weevely	Stealth tiny web shell Weevely is a stealth PHP web shell that simulate telnet-like connection. It is an essential tool for web application post exploitation, and can be used as stealth backdoor or as a web shell to manage legit web accounts, even free hosted ones.	https://www.kali.org/tools/weevely/
wfuzz	wfuzz	web	侦察	wfuzz,wfuzz	Web application bruteforcer Wfuzz is a tool designed for bruteforcing Web Applications, it can be used for finding resources not linked directories, servlets, scripts, etc, bruteforce GET and POST parameters for checking different kind of injections (SQL, XSS, LDAP,etc), bruteforce Forms parameters	https://www.kali.org/tools/wfuzz/
wget	wget	information-gathering		wget,wget,wget-udeb	Retrieves files from the web Wget is a network utility to retrieve files from the web using HTTP(S) and FTP, the two most widely used internet protocols. It works non-interactively, so it will work in the background, after having logged off. The program supports recursive retrieval of web-authoring pages as well as FTP	https://www.kali.org/tools/wget/
wgetpaste	wgetpaste	utils		wgetpaste,wgetpaste	Command-line interface to various online pastebin services This package contains a script that automates pasting to a number of pastebin services.	https://www.kali.org/tools/wgetpaste/
what-is-python	what-is-python	utils		python-dev-is-python3,pdb,python-config,python-is-python3,pydoc,python	Symlinks /usr/bin/python-config to python3-config Starting with the Debian 11 (bullseye) and Ubuntu 20.04 LTS (focal) releases, all python packages use explicit python3 or python2 interpreter and do not use unversioned /usr/bin/python-config at all. Some third-party code is now predominantly python3 based, yet may use /usr/bin/python-config.	https://www.kali.org/tools/what-is-python/
whatmask	whatmask	utils		whatmask,whatmask	Helper for network settings This package contains a small C program that will help you with network settings. Whatmask can work in two modes. The first mode is to invoke Whatmask with only a subnet mask as the argument. In this mode Whatmask will echo back the subnet mask in four formats, plus the	https://www.kali.org/tools/whatmask/
whatweb	whatweb	information-gathering	侦察	whatweb,whatweb	Next generation web scanner WhatWeb identifies websites. It recognises web technologies including content management systems (CMS), blogging platforms, statistic/analytics packages, JavaScript libraries, web servers, and embedded devices. WhatWeb has over 900 plugins, each to recognise something different. It also identifies version numbers, email addresses, account IDs,	https://www.kali.org/tools/whatweb/
whois	whois	identify		whois,mkpasswd,whois	Intelligent WHOIS client This package provides a commandline client for the WHOIS (RFC 3912) protocol, which queries online servers for information such as contact details for domains and IP address assignments. It can intelligently select the appropriate WHOIS server for most queries. The package also contains mkpasswd, a features-rich front end to the	https://www.kali.org/tools/whois/
wifi-honey	wifi-honey	wireless	凭据访问	wifi-honey,wifi-honey	Wi-Fi honeypot In the case of WPA/WPA2, by running airodump-ng along side this you also end up capturing the first two packets of the four way handshake and so can attempt to crack the key with either aircrack-ng or coWPAtty. What this script does is to automate the setup process, it	https://www.kali.org/tools/wifi-honey/
wifiphisher	wifiphisher	utils	凭据访问	wifiphisher,wifiphisher	Automated phishing attacks against Wi-Fi networks This package contains a security tool that mounts automated phishing attacks against Wi-Fi networks in order to obtain secret passphrases or other credentials. It is a social engineering attack that unlike other methods it does not include any brute forcing. It is an easy way for obtaining credentials from captive portals and third party login pages or WPA/WPA2 secret	https://www.kali.org/tools/wifiphisher/
wifipumpkin3	wifipumpkin3	utils	收集	wifipumpkin3,captiveflask,evilqr3,phishkin3,sslstrip3,wifipumpkin3,wp3	Powerful framework for rogue access point attack This package contains a powerful framework for rogue access point attack, written in Python, that allow and offer to security researchers, red teamers and reverse engineers to mount a wireless network to conduct a man-in-the-middle attack.	https://www.kali.org/tools/wifipumpkin3/
wifite	wifite	wireless	凭据访问	wifite,wifite	Python script to automate wireless auditing using aircrack-ng tools Wifite is a tool to audit WEP or WPA encrypted wireless networks. It uses aircrack-ng, pyrit, reaver, tshark tools to perform the audit. This tool is customizable to be automated with only a few arguments and can be trusted to run without supervision.	https://www.kali.org/tools/wifite/
wig	wig	utils		wig,wig	WebApp Information Gatherer This package contains a web application information gathering tool, which can identify numerous Content Management Systems and other administrative applications. The application fingerprinting is based on checksums and string matching of known files for different versions of CMSes. This results in a score being	https://www.kali.org/tools/wig/
wig-ng	wig-ng	utils		wig-ng,wig-ng,wig-ng.py	Utility for Wi-Fi device fingerprinting This package contains WIG (Wi-Fi Information Gathering), a utility for Wi-Fi device fingerprinting. Supported protocols and standards: Apple Wireless Direct Link (AWDL) Cisco Client Extension (CCX)	https://www.kali.org/tools/wig-ng/
windows-binaries	windows-binaries	windows-resources		windows-binaries,windows-binaries,windows-resources	Various pentesting Windows binaries A collection of Windows executables for use on penetration tests.	https://www.kali.org/tools/windows-binaries/
windows-privesc-check	windows-privesc-check	windows-resources		windows-privesc-check,windows-privesc-check	Windows privilege escalation checking tool Windows-privesc-check is standalone executable that runs on Windows systems (tested on XP, Windows 7 only so far). It tries to find misconfigurations that could allow local unprivileged users to escalate privileges to other users or to access local apps (e.g. databases). It is written in python and converted to an executable using pyinstaller so it	https://www.kali.org/tools/windows-privesc-check/
winregfs	winregfs	forensics		winregfs,fsck.winregfs,mount.winregfs	Windows registry FUSE filesystem Winregfs is a FUSE-based filesystem driver that enables accessing of Windows registry hive files as ordinary filesystems. Registry hive file editing can be performed with ordinary shell scripts and command-line tools once mounted. fsck.winregfs scans a Windows registry hive file for problems that indicate the hive has been damaged by hardware or software issues, reading recursively	https://www.kali.org/tools/winregfs/
wireshark	wireshark	web	发现	libwireshark-data,libwireshark-dev,libwireshark19,libwiretap-dev,libwiretap16,libwsutil-dev,libwsutil17,stratoshark,strato,stratoshark,tshark,tshark,wireshark,wireshark,wireshark-common,capinfos,captype,dumpcap,editcap,mergecap,mmdbresolve,randpkt,rawshark,reordercap,sharkd,text2pcap,wireshark-dev,asn2deb,idl2deb,idl2wrs,wireshark-doc	Network traffic analyzer - graphical interface Wireshark is a network “sniffer” - a tool that captures and analyzes packets off the wire. Wireshark can decode too many protocols to list here.	https://www.kali.org/tools/wireshark/
witnessme	witnessme	identify	服务与其它工具	witnessme,witnessme,wmapi,wmdb	Web Inventory tool This package contains a Web Inventory tool inspired by Eyewitness, its also written to be extensible allowing you to create custom functionality that can take advantage of the headless browser it drives in the back-end.	https://www.kali.org/tools/witnessme/
wmi	wmi	utils	资源开发	wmi-client,wmic,wmis	DCOM/WMI client implementation This DCOM/WMI client implementation is based on Samba4 sources. It uses RPC/DCOM mechanisms to interact with WMI services on Windows 2000/XP/2003 machines. This package contains the command line client to perform remote command execution on Windows systems.	https://www.kali.org/tools/wmi/
wordlistraider	wordlistraider	utils		wordlistraider,wordlistraider	Tool to prepare existing wordlists This package contains a Python tool for preparing existing wordlists. It returns a selection of words that matches the passed conditions in an existing list. As an example you have a GB big wordlist and you only want passwords with a length of at least 8 characters. This optimizes word lists and saves	https://www.kali.org/tools/wordlistraider/
wordlists	wordlists	information-gathering	凭据访问	wordlists,wordlists	Contains the rockyou wordlist This package contains the rockyou.txt wordlist and has an installation size of 134 MB.	https://www.kali.org/tools/wordlists/
wotmate	wotmate	utils		wotmate,wotmate	Reimplement the defunct PGP pathfinder with only your own keyring This package contains a reimplementation the defunct PGP pathfinder without needing anything other than your own keyring. Currently, the following tools are available: graph-paths.py: Draws the shortest path between each key you have personally signed and the target key. For simpler setups, it exactly	https://www.kali.org/tools/wotmate/
wpa-sycophant	wpa-sycophant	utils		wpa-sycophant,wpa_sycophant	Tool to relay phase 2 authentication attempts to access corporate wireless This package contains a tool to relay phase 2 authentication attempts to access corporate wireless without cracking the password. To use this technique it is required that you run a rogue access point so that a legitimate user will connect to you so that you may relay the authentication attempt to Sycophant.	https://www.kali.org/tools/wpa-sycophant/
wpprobe	wpprobe	utils	侦察	wpprobe,wpprobe	Fast WordPress plugin enumeration tool A fast WordPress plugin scanner that detects installed plugins via REST API enumeration and maps them to known vulnerabilities. Over 3000 plugins detectable without brute-force, thousands more with it.	https://www.kali.org/tools/wpprobe/
wpscan	wpscan	information-gathering	侦察	wpscan,wpscan	Black box WordPress vulnerability scanner WPScan scans remote WordPress installations to find security issues.	https://www.kali.org/tools/wpscan/
wsgidav	wsgidav	utils		python-wsgidav-doc,python3-wsgidav,wsgidav	root@kali:~# wsgidav -h usage: wsgidav [-h] [-p PORT] [-H HOST] [-r ROOT_PATH] [--auth {anonymous,nt,pam-login}] [--server {cheroot,ext-wsgiutils,gevent,gunicorn,paste,uvicorn,wsgiref}] [--ssl-adapter {builtin,pyopenssl}] [-v | -q] [-c CONFIG_FILE | --no-config] [--browse] [-V]	https://www.kali.org/tools/wsgidav/
xclip	xclip	utils		xclip,xclip,xclip-copyfile,xclip-cutfile,xclip-pastefile	Command line interface to X selections xclip is a command line utility that is designed to run on any system with an X11 implementation. It provides an interface to X selections (“the clipboard”) from the command line. It can read data from standard in or a file and place it in an X selection for pasting into other X applications. xclip can also print an X selection to standard out, which can then be redirected to a file	https://www.kali.org/tools/xclip/
xmount	xmount	forensics		xmount,xmount	Tool for crossmounting between disk image formats xmount allows you to convert on-the-fly between multiple input and output harddisk image formats. xmount creates a virtual file system using FUSE (Filesystem in Userspace) that contains a virtual representation of the input image. The virtual representation can be in raw DD, Apple’s Disk Image format	https://www.kali.org/tools/xmount/
xplico	xplico	forensics	数字取证	xplico,mfbc,mfile,mpaltalk,mwmail,trigcap,xplico,xplico-webui,xplico-webui-start,xplico-webui-stop	Network Forensic Analysis Tool (NFAT) The goal of Xplico is extract from an internet traffic capture the applications data contained. For example, from a pcap file Xplico extracts each email (POP, IMAP, and SMTP protocols), all HTTP contents, each VoIP call (SIP, MGCP, H323), FTP, TFTP, and so on. Xplico is not a network protocol analyzer.	https://www.kali.org/tools/xplico/
xspy	xspy	utils	凭据访问	xspy,xspy	X server sniffer Sniffs keystrokes on remote or local X-Windows servers.	https://www.kali.org/tools/xspy/
xsrfprobe	xsrfprobe	utils		xsrfprobe,xsrfprobe	Prime Cross Site Request Forgery Audit and Exploitation Toolkit XSRFProbe is an advanced Cross Site Request Forgery (CSRF/XSRF) Audit and Exploitation Toolkit. Equipped with a powerful crawling engine and numerous systematic checks, it is able to detect most cases of CSRF vulnerabilities, their related bypasses and further generate (maliciously) exploitable proof of concepts with each found vulnerability.	https://www.kali.org/tools/xsrfprobe/
xsser	xsser	web	执行	xsser,xsser	XSS testing framework Cross Site “Scripter” (aka XSSer) is an automatic -framework- to detect, exploit and report XSS vulnerabilities in web-based applications. It contains several options to try to bypass certain filters, and various special techniques of code injection.	https://www.kali.org/tools/xsser/
xsstrike	xsstrike	utils		xsstrike,xsstrike	Most advanced XSS scanner XSStrike is a Cross Site Scripting detection suite equipped with four hand written parsers, an intelligent payload generator, a powerful fuzzing engine and an incredibly fast crawler.	https://www.kali.org/tools/xsstrike/
yara	yara	forensics	数字取证	libyara-dev,libyara10,yara,yara,yarac,yara-doc	Pattern matching swiss knife for malware researchers YARA is a tool aimed at helping malware researchers to identify and classify malware samples. With YARA, it is possible to create descriptions of malware families based on textual or binary patterns contained in samples of those families. Each description consists of a set of strings and a Boolean expression which determines its logic.	https://www.kali.org/tools/yara/
yersinia	yersinia	vulnerability	发现	yersinia,yersinia	Network vulnerabilities check software Yersinia is a framework for performing layer 2 attacks. It is designed to take advantage of some weakeness in different network protocols. It pretends to be a solid framework for analyzing and testing the deployed networks and systems. Attacks for the following network protocols are implemented in this	https://www.kali.org/tools/yersinia/
zaproxy	zaproxy	web	侦察	zaproxy,owasp-zap,zaproxy	Testing tool for finding vulnerabilities in web applications The OWASP Zed Attack Proxy (ZAP) is an easy to use integrated penetration testing tool for finding vulnerabilities in web applications. It is designed to be used by people with a wide range of security experience and as such is ideal for developers and	https://www.kali.org/tools/zaproxy/
zerofree	zerofree	utils		zerofree,zerofree	Zero free blocks from ext2, ext3 and ext4 file-systems Zerofree finds the unallocated blocks with non-zero value content in an ext2, ext3 or ext4 file-system and fills them with zeroes (zerofree can also work with another value than zero). This is mostly useful if the device on which this file-system resides is a disk image. In this case, depending on the type of disk image, a secondary	https://www.kali.org/tools/zerofree/
zim	zim	utils		zim,zim	Graphical text editor based on wiki technologies Zim is a graphical text editor used to maintain a collection of wiki pages. Each page can contain links to other pages, simple formatting and inline images. Pages are stored in a folder structure, like in an outliner, and can have attachments. Creating a new page is as easy as linking to a nonexistent page.	https://www.kali.org/tools/zim/
zonedb	zonedb	utils		golang-github-zonedb-zonedb-dev,zonedb,zonedb	Public Zone Database (program) This package provides a free, open-source database ( http://opendatacommons.org/licenses/odbl/1.0/ ) containing a list and associated metadata of public DNS zones	https://www.kali.org/tools/zonedb/
zsh	zsh	reporting		zsh,rzsh,zsh,zsh-common,zsh-dev,zsh-doc,zsh-static,zsh-static	Shell with lots of features Zsh is a UNIX command interpreter (shell) usable as an interactive login shell and as a shell script command processor. Of the standard shells, zsh most closely resembles ksh but includes many enhancements. Zsh has command-line editing, built-in spelling correction, programmable command completion,	https://www.kali.org/tools/zsh/
zsh-autosuggestions	zsh-autosuggestions	utils		zsh-autosuggestions	Fish-like fast/unobtrusive autosuggestions for zsh As you type commands, you will see a completion offered after the cursor in a muted gray color. If you press the right-arrow key or End with the cursor at the end of the buffer, it will accept the suggestion, replacing the contents of the command line buffer with the suggestion. If you invoke the forward-word widget, it will partially accept the suggestion up to the	https://www.kali.org/tools/zsh-autosuggestions/
zsh-syntax-highlighting	zsh-syntax-highlighting	utils		zsh-syntax-highlighting	Fish shell like syntax highlighting for zsh This package provides syntax highlighting for the shell zsh. It enables highlighting of commands whilst they are typed at a zsh prompt into an interactive terminal. This helps in reviewing commands before running them, particularly in catching syntax errors. This feature is inspired by the Fish shell, which provides it by default.	https://www.kali.org/tools/zsh-syntax-highlighting/
